"id:ID","registration_status","effective_date","until_date","uuid"
"6","Released","2022-03-25","","2306248e-ffff-436a-90a0-3a9c381da335"
"7","Released","2021-12-17","","be4facbc-134d-4246-831f-766b597f5159"
"8","Released","2021-12-17","","5500c274-b0a1-43aa-8f7b-e8ea689190c6"
"9","Released","2021-12-17","","98d99ee1-d5de-4524-bffa-448e8a0ac1b9"
"10","Released","2021-12-17","","31b76f86-1ec0-4573-aced-906531394690"
"11","Released","2021-12-17","","aabe0559-3b16-4e5d-a855-df5a072bd583"
"12","Released","2021-12-17","","68c959fb-1667-4962-8ec3-f14c937d30f5"
"13","Released","2021-12-17","","30512e06-3f78-46a2-8a82-849b90622625"
"14","Released","2021-12-17","","65e9783f-3199-494c-abae-1cab17bec7ce"
"15","Released","2021-12-17","","e6c8ccf6-810a-4aec-bb30-f203d14f3658"
"16","Released","2021-12-17","","5fe73f6b-99fd-44ea-9365-54fdb5f2383b"
"17","Released","2021-12-17","","11b676e3-bc78-4df5-aa1c-43efab97f320"
"18","Released","2021-12-17","","97634ec1-cc33-42b5-89ba-e7d6e145237f"
"19","Released","2021-12-17","","11b8e481-9888-4eac-994d-7b97f89c3da2"
"20","Released","2021-12-17","","c74be4c7-6e7c-49b8-8f3b-12b488896fd4"
"21","Released","2021-12-17","","983de3c7-daec-4c1c-a11a-cc6ce642983a"
"22","Released","2021-12-17","","a0dd8d9e-057e-4513-bc09-6d93e4e14351"
"23","Released","2021-12-17","","090c4275-4fa2-4d72-ba5e-2055ca994069"
"24","Released","2021-12-17","","4176d551-790c-4e77-a1b5-08863b8e96d0"
"25","Released","2021-12-17","","3a28cf4d-cff8-4fdf-a838-582fd4a090a2"
"26","Released","2021-12-17","","05d1e4bd-fa4e-4ce0-ab43-51888338c739"
"27","Released","2021-12-17","","664480fe-9f3c-41eb-b18b-02753ece0eb3"
"28","Released","2021-12-17","","12401ed6-fcf6-4dd3-8983-b10021b5300c"
"29","Released","2021-12-17","","62519f60-ab83-43fa-82db-10633e5f58da"
"30","Released","2021-12-17","","cae295a5-c55e-4827-a4a0-a0dd70730d67"
"31","Released","2021-12-17","","cf226e1e-2893-43d8-b0ba-5a3641a0af7d"
"32","Released","2021-12-17","","978cad55-c6eb-4a8a-9390-05e1ab7bb1ae"
"33","Released","2021-12-17","","4efa6f36-9ad0-4c97-b21c-a81f8ad4fa8d"
"34","Released","2021-12-17","","4b16e413-7d52-4983-bc10-079a752a4f1b"
"35","Released","2021-12-17","","39994993-9c16-471a-89f0-36e33636db98"
"36","Released","2021-12-17","","7e3172be-da1b-4119-9e71-8185fe124ce2"
"37","Released","2021-12-17","","229203b6-5e47-4ffc-8335-ef380e902f3b"
"38","Released","2021-12-17","","1a817488-13ad-466d-a1bc-59a676584751"
"39","Released","2021-12-17","","9aeec8c5-fcaa-49b0-a545-6f4b9c1e72ec"
"40","Released","2021-12-17","","887d227c-42fe-4a01-a6cb-aad2bc48d352"
"41","Released","2021-12-17","","31872f06-5751-43da-be15-b8c9b69b95e5"
"42","Released","2021-12-17","","0d2d3c19-ecae-403c-9ddf-ac0afbe6eaca"
"43","Released","2021-12-17","","a0ae12ca-4df0-4ee9-aa4a-86881902b783"
"44","Released","2021-12-17","","c0aca851-df95-4661-ba15-7bb73cc60fae"
"45","Released","2021-12-17","","7e324ded-b602-42f9-ba5f-d4fcfd280c29"
"46","Released","2021-12-17","","3e0e604e-a421-46f0-911e-73cd1cf521ed"
"47","Released","2021-12-17","","985b67bd-8231-4a0f-b3cf-75762efdbbc2"
"48","Released","2021-12-17","","91dac5b3-bb18-47a5-b435-32f393a4e4c2"
"49","Released","2021-12-17","","cc459b78-1f4f-47f7-9256-1ca773edc28d"
"50","Released","2021-12-17","","657bde7e-23e5-4678-ba26-d28311a2713b"
"51","Released","2021-12-17","","e09be45f-bc09-4d0e-bab6-fe9d6b05ebcc"
"52","Released","2021-12-17","","c231d256-0791-4243-ad74-a8efc6e94d1a"
"53","Released","2021-12-17","","f0c9d396-7398-4847-be61-9e1f1512a94b"
"54","Released","2021-12-17","","ff9b5360-16eb-48a8-8a0b-b9f074649f10"
"55","Released","2021-12-17","","5d45552a-a75c-4df3-96b1-e8a73e048b25"
"56","Released","2021-12-17","","475f45d4-4226-4504-bb0e-ee7f1d655e88"
"57","Released","2021-12-17","","24d1ec6e-e286-4cc0-910e-39f45f2ce410"
"58","Released","2022-03-25","","573238dc-bcbf-4def-96c7-fbf16fc6d592"
"59","Released","2022-03-25","","bb3e5177-4ba5-4e7d-a2f0-1610602e01d1"
"60","Released","2022-03-25","","c5933252-e87b-4873-9b1c-60fb8bb66ee7"
"61","Released","2022-03-25","","98811e69-b172-44fc-9655-517b4f1014f1"
"62","Released","2022-03-25","","599d1e15-22e2-4242-a897-8686adb24d33"
"63","Released","2022-03-25","","68d51e9f-0738-468f-9042-89c1aad38606"
"64","Released","2022-03-25","","6b9fca38-a13a-47a1-8355-e708508d03f3"
"65","Released","2022-03-25","","ea441214-110e-4eec-a9d6-4d65d932259b"
"66","Released","2022-03-25","","b528a134-737c-4c73-860f-bdd248b53e59"
"67","Released","2022-03-25","","d948c5ff-2df4-49f9-bfcb-97f2ee5a825b"
"68","Released","2022-03-25","","321f3c19-95bb-455c-8ed8-4a5496600479"
"69","Released","2022-03-25","","ffa65ebd-4f54-4926-af09-83774279eece"
"70","Released","2022-03-25","","a6a2166c-78f8-4070-a5b7-c5ee427a547a"
"71","Released","2022-03-25","","0cf28060-f0bf-401e-98d9-1e7935fb1060"
"72","Released","2022-03-25","","94c158a4-8280-4676-8012-46b12339cbca"
"73","Released","2022-03-25","","4c8582cf-160c-41b6-a7a8-f5da7c5c994e"
"74","Released","2022-03-25","","0c0db373-7e27-4d00-82a4-4d78d34a804d"
"75","Released","2022-03-25","","5e383438-be7b-48f8-af5a-b857db512c1b"
"76","Released","2022-03-25","","db4b6215-12ce-4fe9-b002-6f88a0a67758"
"77","Released","2022-03-25","","ac10de8a-bdcc-4fd7-bca3-3db382a1985f"
"78","Released","2022-03-25","","c045f10a-b167-4460-8075-91d248084820"
"79","Released","2022-03-25","","a5cfc1aa-a298-462e-8a1f-fb7ea515a046"
"80","Released","2022-03-25","","b29965cb-d1ae-45af-93bc-d2335d6fc12e"
"81","Released","2022-03-25","","5cf39b26-7b29-41c3-bb8f-c67cdb02db1c"
"82","Released","2022-03-25","","4c61d18a-9ffa-4c43-8557-5c8f6adead50"
"83","Released","2022-03-25","","36bb462b-4251-4af7-a581-5f90212316f3"
"84","Released","2022-03-25","","36a3429d-2980-44e0-9f79-afe898723db4"
"85","Released","2022-03-25","","11ece92a-c01a-4033-a58a-bd2264ec0fa8"
"86","Released","2022-03-25","","bbc57b11-4f6e-4af7-8664-5b962a58af11"
"87","Released","2022-03-25","","873cdf83-3840-4685-9301-281fb4508c26"
"88","Released","2022-03-25","","2477c2be-f373-4972-b2e3-97e72c54cce9"
"89","Released","2022-03-25","","a3cf8314-561c-4017-b4ec-ada1add414ce"
"90","Released","2022-03-25","","0e7dcf67-5305-4b2e-ba7d-660eb2665754"
"91","Released","2022-03-25","","99422f9f-a07a-42f5-982a-353838425bdc"
"92","Released","2022-03-25","","a0deb600-6ab5-42b3-b08d-d594c172ca0b"
"93","Released","2022-03-25","","025ed855-dc4f-41fb-826c-71c242f2bd61"
"94","Released","2022-03-25","","0692c2c7-1e33-4ca6-abe5-941413dea24f"
"95","Released","2022-03-25","","4e57e511-f28b-4d62-9f8a-912fa18a0c7d"
"96","Released","2022-03-25","","15f07f11-8a79-4c0d-ac55-dccbbcbdbe74"
"97","Released","2022-03-25","","cf1900e9-c551-4e9e-bf08-93fb3d1977f0"
"98","Released","2022-03-25","","4b1c3db6-98c1-4140-8ebb-531a4bff80c3"
"99","Released","2022-03-25","","a14eb4ac-a4b5-47bd-b05f-ce90ed5aa37c"
"100","Released","2022-03-25","","f522c45f-e1a2-4628-a37f-72ab6127ff00"
"101","Released","2022-03-25","","72b1ca2c-ada3-4e86-905c-589c686f8347"
"102","Released","2022-03-25","","502dbefa-effd-4f27-8201-ca92831f6032"
"103","Released","2022-03-25","","0daab327-3109-430c-a664-a4a15c7abc70"
"104","Released","2022-03-25","","6bb42608-4c5e-41ca-9f0f-51b83aee4177"
"105","Released","2022-03-25","","d12fa5dd-5fa3-44d1-959f-6e2df5a8c7ae"
"106","Released","2022-03-25","","668ea449-cee8-46ab-95d5-1544bca2d837"
"107","Released","2022-03-25","","e0c4d300-df75-4eec-9a9d-f56f10e28846"
"108","Released","2022-03-25","","322dd6ba-bd07-4914-bafa-01809c520635"
"109","Released","2022-03-25","","0840fe87-7195-4b28-8c23-7d419830cc63"
"110","Released","2022-03-25","","49aa8b4a-74ef-4cd3-9a4a-91da8bc6ad8a"
"111","Released","2022-03-25","","b56eee27-1f77-4c51-bdaa-7491e65f23b5"
"112","Released","2022-03-25","","e0343028-b180-4b88-9373-a7977e74a44b"
"113","Released","2022-03-25","","d13216d9-6ec1-43ed-95ed-34af4fa63924"
"114","Released","2022-03-25","","f608157c-b889-42e8-aa99-1ad0c2d644e5"
"115","Released","2022-03-25","","93dbf185-cd47-4e58-9436-adf68e7415c0"
"116","Released","2022-03-25","","3ad6b62b-73ed-4e6d-b4e5-01a4c72e2bbc"
"117","Released","2022-03-25","","f29073ce-1031-4724-8222-f0b57a6a344b"
"118","Released","2022-03-25","","ffb2c10a-e23d-4181-b027-9a0f168dbc7c"
"119","Released","2022-03-25","","cd4a6c87-8313-4249-b2e4-d86cd18be3e6"
"120","Released","2022-03-25","","4553ab2b-2997-4934-b8c1-48a9532b5806"
"121","Released","2022-03-25","","870d282f-7c87-4f06-8749-eaf77d0dd7ba"
"122","Released","2022-03-25","","b697fb16-b569-4ecb-86b9-b0fe4605dc68"
"123","Released","2022-03-25","","b402a531-0517-4831-9005-b85f6c25f88a"
"124","Released","2022-03-25","","7a26d912-58e5-4999-ae17-f412f7fc5eb8"
"125","Released","2022-03-25","","c020c628-51c5-470b-aa8e-5d55b5fc1d58"
"126","Released","2022-03-25","","2409e43d-b2e3-4919-9eec-514284bcc0fd"
"127","Released","2022-03-25","","62db6f20-9637-4b72-a6dc-902bedff9a38"
"128","Released","2022-03-25","","ad231bc7-2357-474f-9787-3cbde87e0e41"
"129","Released","2022-03-25","","99478eca-04d5-4a66-bf91-11adeb12d48c"
"130","Released","2022-03-25","","7f905059-607e-4a95-a34c-46a2857f1aac"
"131","Released","2022-03-25","","4abeb9b9-5588-4a9a-88e1-df674f7d1a2f"
"132","Released","2022-03-25","","647efe9e-7347-438e-a9ea-d9dac12fdf93"
"133","Released","2022-03-25","","76e922ac-a70e-4fc6-8284-7fbc389486f1"
"134","Released","2022-03-25","","8414861b-0577-4992-a23c-1c7d48032690"
"135","Released","2022-03-25","","ecf528b9-6e25-4a56-8cad-95004cb824e2"
"136","Released","2022-03-25","","cd80d378-ff5a-4469-8b61-d37aea1374ce"
"137","Released","2022-03-25","","a49478ca-918d-45b3-a7fb-c7a7a10d8ade"
"138","Released","2022-03-25","","45ef512b-f833-4994-b11f-b7d09727a749"
"139","Released","2022-03-25","","c06aa004-dab1-4506-bc47-edd34ff25b97"
"140","Released","2022-03-25","","876a882b-38e3-41b6-8afb-f23ddb6aa7cb"
"141","Released","2022-03-25","","be51c801-8481-43a3-9841-2910a3da780b"
"142","Released","2022-03-25","","4fa9e454-5f63-4dd1-be7d-328a8d8be0dc"
"143","Released","2022-03-25","","d9100695-a66d-4679-91f6-ed2b336352d7"
"144","Released","2022-03-25","","cf8a1e9e-b821-4074-9ad7-f4fa7836c912"
"145","Released","2022-03-25","","ff8ddfd5-acf1-4abc-8544-d3666824e264"
"146","Released","2022-03-25","","e79c6927-31e9-4463-8035-cb20ab038296"
"147","Released","2022-03-25","","111f3099-750a-4eea-9186-9679c489a47b"
"148","Released","2022-03-25","","19d3be31-fe1b-4a16-8301-c485d15eb936"
"149","Released","2022-03-25","","c197fcef-ac43-4721-9a63-7dfa03743dca"
"150","Released","2022-03-25","","02c3bc88-d718-4b83-be36-112537e7fe3d"
"151","Released","2022-03-25","","f8ce7a5a-42be-472e-937c-a58ad5361a91"
"152","Released","2022-03-25","","210f070c-d2ee-4632-88dd-cb16d19939f9"
"153","Released","2022-03-25","","9568552a-dda1-49b6-b8ca-9ba4333d310b"
"154","Released","2022-03-25","","8385124a-6fd0-4d8b-92d8-57e2eaa8bc77"
"155","Released","2022-03-25","","c21c0fd1-32bd-4af6-b629-a5f17be3c4cb"
"156","Released","2022-03-25","","e33c97fa-a81c-47bb-a9de-38091dd584e7"
"157","Released","2022-03-25","","8fde97a7-e3e4-411b-be8f-99b15bbc344a"
"158","Released","2022-03-25","","582a77a0-8356-42d3-b909-1f9347a1f2fd"
"159","Released","2022-03-25","","6328d62f-432e-434a-875e-9cb9e6162f66"
"160","Released","2022-03-25","","57757c16-6f09-480c-88da-7449632ce62f"
"161","Released","2022-03-25","","15675f11-4181-4fca-87ba-45c97d461288"
"162","Released","2022-03-25","","10c28fce-61d6-46eb-8b1f-9e93e933e967"
"163","Released","2022-03-25","","5d9b95d9-1473-47c8-abae-08a9f2527f63"
"164","Released","2022-03-25","","0522cba3-9ead-4dc9-8f61-6168d9cb810e"
"165","Released","2022-03-25","","01d6841a-ff3c-4755-aaa0-033774fbc786"
"166","Released","2022-03-25","","7020698b-3227-4409-98b7-865c5c945f13"
"167","Released","2022-03-25","","95c6ef25-d3ff-4593-aa54-c1a546b9a823"
"168","Released","2022-03-25","","a23fa3a1-b85e-4192-a22b-37d542f9c08a"
"169","Released","2022-03-25","","b5ce8288-4187-43ce-a93e-3cbc73fe3a6d"
"170","Released","2022-03-25","","8e365024-16a7-4305-ac20-ac747e247804"
"171","Released","2022-03-25","","c02aad3f-e0f7-4673-9a88-91a09ad33c14"
"172","Released","2022-03-25","","4ac56f12-a3a3-4db1-a0e4-07783c66df2c"
"173","Released","2022-03-25","","0aaf1705-aaf2-4873-ad32-db23414b0d64"
"174","Released","2022-03-25","","997039e8-24df-4d5c-b58b-a6850dfaf4a6"
"175","Released","2022-03-25","","1ac59da8-0824-4db3-b521-c64bbed91dea"
"176","Released","2022-03-25","","a07119ff-00ec-4a42-a9ae-fe306b5880bc"
"177","Released","2022-03-25","","09dcf3d5-e872-41b2-90db-09325acae93d"
"178","Released","2022-03-25","","a90feea4-55db-48d3-813b-cd7722565231"
"179","Released","2022-03-25","","755917c4-c648-4f96-aa60-22582ea0f3ca"
"180","Released","2022-03-25","","44a68e11-6624-4d3d-9f2f-154d71a4e556"
"181","Released","2022-03-25","","36a1da3d-1a1e-4201-8150-1aa2f95b606f"
"182","Released","2022-03-25","","7b986f01-41c4-4dc8-8fde-e7c9de769696"
"183","Released","2022-03-25","","be39a1e4-84d0-4b4c-9af5-7b25e1832241"
"184","Released","2022-03-25","","99271946-40c8-48e1-9f59-b664efd10c49"
"185","Released","2022-03-25","","c1ca47d6-812a-4259-b76f-ff7b31b0b9f2"
"186","Released","2022-03-25","","91d55cce-3219-4a9a-a534-5796a4c2d09f"
"187","Released","2022-03-25","","662b9702-a423-40bc-864b-8a071b302313"
"188","Released","2022-03-25","","2282f79e-f2b0-4171-bfbc-8e9897fbf108"
"189","Released","2022-03-25","","22cfb2a8-fcb8-4219-916c-5e968e63c74c"
"190","Released","2022-03-25","","0840fb3b-9eb5-4423-803c-a588d5314e19"
"191","Released","2022-03-25","","700ec2b3-8273-494e-ae0b-773fda1d5172"
"192","Released","2022-03-25","","6001583a-2106-4852-bb6f-52e52eb02ea7"
"193","Released","2022-03-25","","6f4b3736-b64a-413d-980c-c6668eee7649"
"194","Released","2022-03-25","","4d203727-bb89-4a75-b895-ce99083662b6"
"195","Released","2022-03-25","","cdb453bb-0e5e-43d9-bb2e-4b3f87d7da7a"
"196","Released","2022-03-25","","8e9dd6d2-7782-47a7-b69a-ce5ece744cd6"
"197","Released","2022-03-25","","aefdb8d5-08b9-4ba5-b410-8299dac9c0fc"
"198","Released","2022-03-25","","5d3b47c1-0a82-4a9f-9773-0a0df033478e"
"199","Released","2022-03-25","","fe922927-5985-4909-b886-22e22cb4fd9b"
"200","Released","2022-03-25","","58416761-b710-425b-bc04-052603110293"
"201","Released","2022-03-25","","53b614ab-35e2-4c6d-9fc7-f5bfc8b4af40"
"202","Released","2022-03-25","","b654b935-e56e-4c89-8119-1b1fc0d1de3a"
"203","Released","2022-03-25","","bd051543-db4d-4aa1-b4b1-7d4a7bf1ee23"
"204","Released","2022-03-25","","bd8586f7-0b25-40a9-980a-4f844ef5d333"
"205","Released","2022-03-25","","cb7efe43-dab9-41eb-9de1-6e3da7c058f7"
"206","Released","2022-03-25","","94a6e9a7-f4af-4fa3-acab-0b8231c383e0"
"207","Released","2022-03-25","","f0c1fead-0aa6-49cd-8aa0-9240a77ddb12"
"208","Released","2022-03-25","","ab50c9d9-ee65-4171-8ea9-773849e5da50"
"209","Released","2022-03-25","","2ae8c30d-4be1-49a4-abb4-3328e29c3079"
"210","Released","2022-03-25","","b7c2ecf0-1dd4-434d-97c9-3b7a101ed6b8"
"211","Released","2022-03-25","","2ce84384-b269-4226-b46d-a7f4f41bdd70"
"212","Released","2022-03-25","","1be9369c-a753-45d1-b7eb-f3b553834073"
"213","Released","2022-03-25","","724e011e-8275-4c6c-9a12-9bb9783e77a8"
"214","Released","2022-03-25","","37c72dfc-88bb-41b9-a7d5-551bdf161977"
"215","Released","2022-03-25","","3ff28f49-0cbc-41b1-8ea6-f5fc0e27a095"
"216","Released","2022-03-25","","b0e62ce7-1d8a-4c88-964e-bdc74c36f5c4"
"217","Released","2022-03-25","","50a28f83-86fd-4206-8fe6-eccd6aba1594"
"218","Released","2022-03-25","","d0eabec2-6b41-475a-a663-739ecde3b59d"
"219","Released","2022-03-25","","932bd962-ae01-439e-bc43-ca7b3e647c17"
"220","Released","2022-03-25","","571acf2e-cc34-4353-a512-875b871afba0"
"221","Released","2022-03-25","","1548bf62-1fb8-491a-bbb6-f90e2e35c2e7"
"222","Released","2022-03-25","","8d9e6b39-666b-4122-806a-31d494a0bc2a"
"223","Released","2022-03-25","","315ffe23-b683-4c25-96d2-344144a78e5b"
"224","Released","2022-03-25","","ef68db00-a3c0-41b9-b04f-0dc3e931d996"
"225","Released","2022-03-25","","38200f9e-2ea9-4cf1-a3d2-e1094e1df822"
"226","Released","2022-03-25","","1095fcb4-cb3b-485e-9d2a-1d222dd10683"
"227","Released","2022-03-25","","2ea8fb8c-dc90-4de7-8bb9-cc3cd4eb3b71"
"228","Released","2022-03-25","","87e7dc48-34ee-410f-9acc-e1c015d1cd0e"
"229","Released","2022-03-25","","48fd5060-b4a9-4d54-9c71-1bce888e7d03"
"230","Released","2022-03-25","","f75152c3-effd-422c-a68f-e3f3fdffce30"
"231","Released","2022-03-25","","1e9f98ca-bf9c-4efa-ab8e-d320aa7bb86a"
"232","Released","2022-03-25","","3d0b4d26-ef8e-4132-b602-d3df13fff462"
"233","Released","2022-03-25","","55dc84f2-c6f2-4d0d-acd6-6bb8c05a246c"
"234","Released","2022-03-25","","21fab041-0020-45e4-b6b8-47826d38dbee"
"235","Released","2022-03-25","","78a03d0f-bd14-424f-90c1-30a3e2f1f765"
"236","Released","2022-03-25","","f0f74dc0-ed25-47da-855e-23f47eb387e7"
"237","Released","2022-03-25","","4980fff8-29dc-4a7b-96b0-a66c16842e84"
"238","Released","2022-03-25","","311d4fa2-5104-483f-b084-58c4e2fe38e9"
"239","Released","2022-03-25","","8ebc4003-48fa-4b74-8475-d5dead13bcb2"
"240","Released","2022-03-25","","23def9b5-1e0e-430f-9f15-25ea5b303370"
"241","Released","2022-03-25","","4f8fe3a7-7df7-4135-b937-48e32173a9ea"
"242","Released","2022-03-25","","c04d5ce5-d0b3-43fe-ab8a-ffff59f35632"
"243","Released","2022-03-25","","03c28dda-fdc2-4a2d-9025-4e3f7e26af65"
"244","Released","2022-03-25","","2fcba70a-d512-4e79-bdb0-07f5164ad596"
"245","Released","2022-03-25","","258ac50f-99f9-4303-9720-6b3cd1fcae37"
"246","Released","2022-03-25","","aa853933-42ce-4a0c-b37d-0290ad8a438f"
"247","Released","2022-03-25","","8cad8441-868d-4522-9c7c-3dcd4970baba"
"248","Released","2022-03-25","","956b1f82-6780-4766-bb25-8c853d72f403"
"249","Released","2022-03-25","","6178e066-b8e8-4f72-a08a-a3a04391ffa8"
"250","Released","2022-03-25","","01c26470-1fd6-4997-b878-f0f32888e63c"
"251","Released","2022-03-25","","fbf4e123-6f1c-454e-ae2a-a69c23df868c"
"252","Released","2022-03-25","","41a3b6e6-ea2b-480a-ae23-fc4541c9ce67"
"253","Released","2022-03-25","","7fed197e-2649-4880-82a5-8de9963a9f09"
"254","Released","2022-03-25","","db04c66a-f083-446f-8bb5-03eb88569d37"
"255","Released","2022-03-25","","6a887269-dea5-42b8-925e-a181475a4957"
"256","Released","2022-03-25","","7fbee2b7-af4a-43a9-9a17-c26cda4ede10"
"257","Released","2022-03-25","","b527627c-b97d-4c75-be82-06456e345411"
"258","Released","2022-03-25","","faa2ed68-dce4-42c3-bdee-66b0eb587613"
"259","Released","2022-03-25","","4f8dd053-710f-4cd4-b57b-729c06a37bc6"
"260","Released","2022-03-25","","571c9eb5-77b5-4824-abd0-2d44f4a9e9ac"
"261","Released","2022-03-25","","46a825fd-629a-418f-a900-e9e86349ad8a"
"262","Released","2022-03-25","","3b5486af-1f85-499d-a23e-c48d2501005f"
"263","Released","2022-03-25","","869f8334-22f9-44b1-8fa1-5a838e66e25e"
"264","Released","2022-03-25","","79e9d2c7-656b-424d-8bd1-1db60d993b92"
"265","Released","2022-03-25","","d00fe1a6-10b2-469f-91ba-e2948c4b4033"
"266","Released","2022-03-25","","9ea23e71-0dd7-4825-8d99-7e54946e347b"
"267","Released","2022-03-25","","065c6941-c891-4bdd-8756-894b3819c64b"
"268","Released","2022-03-25","","4e6ffbf4-cf10-4fc4-8e83-c32a11d7ee27"
"269","Released","2022-03-25","","2485b33f-97e2-44de-83e7-25f39cb95d44"
"270","Released","2022-03-25","","60c3ea62-f0f0-46fd-8623-e6a827c91e6c"
"271","Released","2022-03-25","","b10b4dd5-3594-4c2b-9b00-4c0f06636b72"
"272","Released","2022-03-25","","d0418062-8765-405d-9c03-81fdb6d908d3"
"273","Released","2022-03-25","","210cd5a6-e15a-4fe7-8770-9ac3e63f85cc"
"274","Released","2022-03-25","","5ce6f872-aa74-465c-83b8-27ea8c9612bc"
"275","Released","2022-03-25","","ce25c1e6-4146-4f81-b085-7d58a8c68b4e"
"276","Released","2022-03-25","","11226d02-19ef-48ef-8766-408fb0396e7b"
"277","Released","2022-03-25","","a8edcc7c-5f95-479e-9af4-6f67759ada35"
"278","Released","2022-03-25","","3a8ba6d1-add8-4d68-b92d-843638955973"
"279","Released","2022-03-25","","7ade3865-0587-408c-ae61-e48c63b9a968"
"280","Released","2022-03-25","","89be9957-bd51-4074-84c4-0152bdb19040"
"281","Released","2022-03-25","","afb706fa-7ce3-40c1-bcda-5ea34a5b15bb"
"282","Released","2022-03-25","","0b0668d2-b7de-4e1c-bcd4-8a75afdc4441"
"283","Released","2022-03-25","","af9efa53-c940-410e-a547-2ee34b719446"
"284","Released","2022-03-25","","36d6ccb7-1a27-4e99-892f-6e4a874ec0b1"
"285","Released","2022-03-25","","429dfc0c-99bd-4154-908e-76695c5115d3"
"286","Released","2022-03-25","","ff7e2f38-ddc0-4aba-aeb3-1f912196a214"
"287","Released","2022-03-25","","636f6e10-e928-4b45-bfd5-31af0a4a843b"
"288","Released","2022-03-25","","02d26a1b-052a-4f78-9886-4377c64f347a"
"289","Released","2022-03-25","","11de6c60-0c73-4151-b35d-c9397d5d85a7"
"290","Released","2022-03-25","","7c87f9c4-3310-4378-b6d7-a04622ac793f"
"291","Released","2022-03-25","","ca12d505-0ae8-45ee-82e6-370eb5c41fdd"
"292","Released","2022-03-25","","5d594107-29c9-4251-860f-aa3b672d594d"
"293","Released","2022-03-25","","59622c85-744e-4e48-a2b7-f296cfe0a5b2"
"294","Released","2022-03-25","","8f7a268b-c5c1-4ba6-8b6c-7269dc71651a"
"295","Released","2022-03-25","","ebb118f3-a65d-4043-bfd0-a5f6cc660062"
"296","Released","2022-03-25","","5eb300d5-52bf-47f9-b34e-1e7558e863d4"
"297","Released","2022-03-25","","b36a01db-6ed8-445c-8493-2be6c9c6958f"
"298","Released","2022-03-25","","929e2012-8bd1-458a-ac94-845b7bf3f551"
"299","Released","2022-03-25","","62f717b6-4fae-45bb-a38f-77b8d281805c"
"300","Released","2022-03-25","","3dac76ff-a50a-4d13-ba0c-2e2730393291"
"301","Released","2022-03-25","","2ebf8d75-e7e4-4584-a007-10d5accb5d2b"
"302","Released","2022-03-25","","7e1c5e11-85e0-4930-a8ec-38a8f3ae7fac"
"303","Released","2022-03-25","","bb01efd9-8bf3-4263-9a41-591652e8a80c"
"304","Released","2022-03-25","","b6c3ed84-b8ca-4277-ae04-3b2ca525b20e"
"305","Released","2022-03-25","","1f4ff6e5-fe83-479a-a343-fdcca89ee9c8"
"306","Released","2022-03-25","","86857dfa-a42f-4856-96a6-cd137c431de0"
"307","Released","2022-03-25","","2484149e-26e1-4d1e-9d12-8ae07f244dfa"
"308","Released","2022-03-25","","b245b0c6-fb9c-46e4-96ea-b45f0d2c9115"
"309","Released","2022-03-25","","fd1ea4ae-fc23-4c28-80bc-5f62fec3436f"
"310","Released","2022-03-25","","ec68b035-62b7-45c3-9d1b-126675a42c15"
"311","Released","2022-03-25","","463ede23-332f-40ff-8157-e4cef20dfcaf"
"312","Released","2022-03-25","","491a43ce-1b52-4e03-be92-368d85b93bf9"
"313","Released","2022-03-25","","6e5d6974-5139-4323-a780-4f4ff0415e84"
"314","Released","2022-03-25","","188a3901-6f72-4d8b-9cc4-e965e4b45c59"
"315","Released","2022-03-25","","37204be8-4daf-48fa-8e4e-b91ea87792ba"
"316","Released","2022-03-25","","b8b59381-ae65-47fb-b382-0bc0ce99d9df"
"317","Released","2022-03-25","","04579d82-953a-441c-abec-7da22e127bb4"
"318","Released","2022-03-25","","19d22aa4-e321-4cf1-8c88-a8fed2c1c078"
"319","Released","2022-03-25","","9c19ac5d-e2b1-4bc4-9338-18f7ddd046c9"
"320","Released","2022-03-25","","c204309b-994a-4518-98aa-b117a8eb6c82"
"321","Released","2022-03-25","","5a80e58d-b6cf-46da-a4f6-c62746de2026"
"322","Released","2022-03-25","","b7ea91dd-7f70-4ba6-b58b-2d7275441c04"
"323","Released","2022-03-25","","1c7644cc-0147-46de-b579-621c0b7fc0f4"
"324","Released","2022-03-25","","6d1bc18b-f639-489c-b967-1699cbc3b442"
"325","Released","2022-03-25","","a90a03ed-67f6-4f97-af6e-335c4ab98677"
"326","Released","2022-03-25","","6fc99ec1-989b-49e2-9cb2-8c1c7a0233fb"
"327","Released","2022-03-25","","311bcb93-0d5c-426f-8366-4e518dcc97df"
"328","Released","2022-03-25","","f9c07c92-2eb0-413d-bf80-8572498074bd"
"329","Released","2022-03-25","","d21660c1-d3a0-4369-b4ea-b8871654f090"
"330","Released","2022-03-25","","d03f014d-1b22-478a-b10b-fedd2b301229"
"331","Released","2022-03-25","","7aeb8b86-51f3-482e-974b-4d66c0d6abfd"
"332","Released","2022-03-25","","71d085c5-244d-490b-b2fe-9ca09eba6f5d"
"333","Released","2022-03-25","","4bdb8bf6-db13-4da2-9ec3-33f084bad15a"
"334","Released","2022-03-25","","ce220974-fcb0-4ddc-be5d-42b257a7a0d5"
"335","Released","2022-03-25","","7e38beb0-51f8-40f5-ac03-b0da652d04a3"
"336","Released","2022-03-25","","06db1b6e-3544-4d08-8ec9-6f81fbfe23d7"
"337","Released","2022-03-25","","c0bcf245-181e-45ba-9421-fc389b7704fb"
"338","Released","2022-03-25","","24cfb90c-ea84-49f6-be39-c663e6fe3bb6"
"339","Released","2022-03-25","","69977683-5d84-4062-81c6-083be25c7cf2"
"340","Released","2022-03-25","","82ce1018-841e-405c-841f-7e5e34d490a7"
"341","Released","2022-03-25","","1bce07f2-407a-4d76-ab91-e3fb4b05e102"
"342","Released","2022-03-25","","a2b8c378-37a1-4cc4-8129-f747c1a5b07a"
"343","Released","2022-03-25","","208f5b4f-dfbc-4c78-8ddd-9a002d85aaa1"
"344","Released","2022-03-25","","d6af168b-b2e4-4de9-8eb3-5e7fa01ce9ff"
"345","Released","2022-03-25","","d6ed039e-ab0f-4692-903e-0e49a6644dbf"
"346","Released","2022-03-25","","9e93aeed-4de7-4864-84c1-016a81a14aaf"
"347","Released","2022-03-25","","2a9cac48-de0e-4f9d-b1a5-bb35f0e97944"
"348","Released","2022-03-25","","8a0d1e32-2d74-45eb-80b7-b90e9fe7e10c"
"349","Released","2022-03-25","","a7ceacb0-ef31-4ecd-917b-4af92bf9c0bf"
"350","Released","2022-03-25","","93351024-559c-45d1-82cb-98c59f787622"
"351","Released","2022-03-25","","5cc003b9-68bd-49e8-b5e4-b777a54ab520"
"352","Released","2022-03-25","","884ad3ad-3fd0-46f6-909e-b07316e7d162"
"353","Released","2022-03-25","","4584ce7d-1411-47f5-bf37-60f4179f8be3"
"354","Released","2022-03-25","","52586ff7-89bf-4a4b-9df0-fdcac476aa38"
"355","Released","2022-03-25","","84c2966d-a71d-4087-bff0-8e3ad086f415"
"356","Released","2022-03-25","","72bd30c7-0378-4261-99c1-75f7ba4fccc7"
"357","Released","2022-03-25","","10dc7d5c-c0e1-4e2a-b7c2-f6f297e739a0"
"358","Released","2022-03-25","","1181e89a-4468-470d-8b88-5b4ea297f28d"
"359","Released","2022-03-25","","11e460d0-97db-4294-8fc0-3fb8f7788f4a"
"360","Released","2022-03-25","","b2c55ee3-3b06-413d-942a-3f92e20f95ae"
"361","Released","2022-03-25","","62856672-c4fc-4cf0-b747-853047706c71"
"362","Released","2022-03-25","","a2d361b4-e052-4b2d-b8c9-e3efe462f31a"
"363","Released","2022-03-25","","4fe38c2c-39e6-4235-9c7e-080a1106f73d"
"364","Released","2022-03-25","","a5d698ee-ec5c-48dc-ab40-dce3f982ef75"
"365","Released","2022-03-25","","2b4e742c-30cc-4ad2-be26-46e465f6ef2d"
"366","Released","2022-03-25","","eacae0a9-8404-4e8b-8e6e-21992b86c007"
"367","Released","2022-03-25","","11368dcd-e4fa-499c-8401-dc8fd8a1dbcb"
"368","Released","2022-03-25","","8940a6ea-3b21-4334-88ff-6cd744ae0d3c"
"369","Released","2022-03-25","","d795cb1f-25ce-4ac4-a6df-a602a534aaae"
"370","Released","2022-03-25","","5ea8db2f-235c-418d-9a97-4bfa0db989f1"
"371","Released","2022-03-25","","7636d7c0-a425-453c-b903-f28c4c7351ed"
"372","Released","2022-03-25","","a03be3a1-17c5-4e29-ae88-8a2912e6a02d"
"373","Released","2022-03-25","","393eda22-6bb3-4e16-b499-75e965a0e335"
"374","Released","2022-03-25","","89ab59dd-bf0c-46a0-9ed9-8205d7fd8205"
"375","Released","2022-03-25","","16664a35-0c63-4c4b-81fe-1ddb349a92cc"
"376","Released","2022-03-25","","d7d8a107-4c1f-4463-ac4a-ec55fff310be"
"377","Released","2022-03-25","","ba943cb9-700a-42c5-850a-fda7dbec42db"
"378","Released","2022-03-25","","9dd2fed4-86da-4333-af94-a862cba47f70"
"379","Released","2022-03-25","","7334fa40-6996-40aa-8d96-86facc24cc29"
"380","Released","2022-03-25","","1fb4a431-871b-4613-9d7d-55d12bd75428"
"381","Released","2022-03-25","","30a4a058-1e3a-48c6-9357-24f1816758a5"
"382","Released","2022-03-25","","0411dd91-0796-4b97-bff8-565bc7bfef37"
"383","Released","2022-03-25","","4b72e8f4-c9c3-47e1-a7d5-89691bce782a"
"384","Released","2022-03-25","","a87028a4-d393-45b6-9fdd-109c83372742"
"385","Released","2022-03-25","","60b48e4d-786c-4024-b3da-236dbcd29711"
"386","Released","2022-03-25","","f9739113-07b7-47dc-bc72-61af7ffaf54a"
"387","Released","2022-03-25","","05f33b15-6709-491a-9c93-19ece26db582"
"388","Released","2022-03-25","","abb37941-4e81-4eec-b40b-5af3dcbdbc33"
"389","Released","2022-03-25","","092ad430-9928-4e5e-ab9a-6293c34a9b4d"
"390","Released","2022-03-25","","fa2a8008-5537-469a-851e-bac2ba64c377"
"391","Released","2022-03-25","","7bd4bdb1-2461-4884-9608-4be57c8d9ae0"
"392","Released","2022-03-25","","c01f4b1e-4dcc-40c1-9da0-dc019f2e4024"
"393","Released","2022-03-25","","705f8ed1-7d3c-4026-8abf-eb6fa13eef5a"
"394","Released","2022-03-25","","1327e2b3-94e6-4e63-a722-a566c356adb5"
"395","Released","2022-03-25","","73cb6e64-6f72-4692-a7b1-33d87dee2ade"
"396","Released","2022-03-25","","d785c4ed-cde8-47d7-9260-3abfd3f1435e"
"397","Released","2022-03-25","","b22de032-83d0-4d96-9d8f-6a76b2455d83"
"398","Released","2022-03-25","","83e4122d-1f8d-416b-88a7-8938a21b8690"
"399","Released","2022-03-25","","df63f121-6181-439b-9bcf-f6e483ac5b85"
"400","Released","2022-03-25","","ec7b6205-3bb7-44fe-a1ad-49cc1a8022e3"
"401","Released","2022-03-25","","bc5a6ef0-3afb-4a9c-b7e4-f1d2a2e988f9"
"402","Released","2022-03-25","","8d1bb709-5853-4692-9747-8d072e79c619"
"403","Released","2022-03-25","","21ebf4ae-65d5-439c-a73a-99145639186f"
"404","Released","2022-03-25","","c7e628b2-b2c2-4b75-90c6-985f84941df7"
"405","Released","2022-03-25","","8fb734f1-fd8b-4cd1-8ae6-3a1e7ab2c08f"
"406","Released","2022-03-25","","2caad064-2817-4473-b6f8-e39fa17048b1"
"407","Released","2022-03-25","","571751e4-467e-44fc-8d6f-c64440910a4e"
"408","Released","2022-03-25","","799972b6-7b8e-4df7-a48b-7180025624ef"
"409","Released","2022-03-25","","6635076a-8bfa-49ba-874d-ff12d947f61a"
"410","Released","2022-03-25","","971492b2-2d7b-417f-a979-a66839244959"
"411","Released","2022-03-25","","09b73198-d13c-48df-87f2-06db9b5c34d1"
"412","Released","2022-03-25","","ced3fb8a-b98e-42e0-b506-b600608ceb88"
"413","Released","2022-03-25","","5a129a4d-2557-439e-85dd-8fbd6ece71c6"
"414","Released","2022-03-25","","99c78088-14ff-49db-8c02-0b99a238e153"
"415","Released","2022-03-25","","c463e601-ae6a-467f-8326-b252e223a302"
"416","Released","2022-03-25","","fb02568f-08bd-49d9-bf75-d15700e81ffa"
"417","Released","2022-03-25","","b855425b-dc5f-4416-b9ed-37f08dda8edf"
"418","Released","2022-03-25","","572ca801-50e0-41f3-b9e8-828fefc0c2ce"
"419","Released","2022-03-25","","331bd4e4-bf40-407d-be0a-c08194ca688f"
"420","Released","2022-03-25","","16951674-823b-4741-a9cf-086db2a987a2"
"421","Released","2022-03-25","","8555ed73-7de0-4f96-96cf-27367dba0ff1"
"422","Released","2022-03-25","","843dc174-ba62-472b-815d-d600f5b34b27"
"423","Released","2022-03-25","","fcd8b264-7d05-4fe8-b984-e6d95584e026"
"424","Released","2022-03-25","","0b9279bf-4492-4344-8977-eca9311c3904"
"425","Released","2022-03-25","","6b99105c-e5dd-4748-ae58-88c75aa9c741"
"426","Released","2022-03-25","","ee866123-7632-438a-8a0d-d8b8d32be7f4"
"427","Released","2022-03-25","","1ec594ef-2669-4f08-9f7c-b2b3c224ab54"
"428","Released","2022-03-25","","ef59323d-302d-4712-b3c6-5ebd8892ec18"
"429","Released","2022-03-25","","9ed3bf9b-3f75-466d-8152-728c14ae9770"
"430","Released","2022-03-25","","05511bbf-58df-4d1f-b8a0-311ce18b7de0"
"431","Released","2022-03-25","","64439266-e22e-4ebe-a8ef-5aab94f726a5"
"432","Released","2022-03-25","","7386a63f-6348-47a6-8bea-bca3827d41e4"
"433","Released","2022-03-25","","ba4858a3-4692-469e-a1d2-be1e958a759c"
"434","Released","2022-03-25","","0f9db300-b29d-4077-ba3f-fda7254355cd"
"435","Released","2022-03-25","","bb047022-f65f-4727-b1a9-5d9aa64ac5c0"
"436","Released","2022-03-25","","33cc3812-dc28-42c9-a149-2be5f7935ac1"
"437","Released","2022-03-25","","b04551b7-8189-4f91-931f-c14b02130d0f"
"438","Released","2022-03-25","","f972c003-f2a6-433b-afd7-f908e6796ca9"
"439","Released","2022-03-25","","b0393d4b-ba10-4108-9e11-334c14d6a23e"
"440","Released","2022-03-25","","14a8b3ba-b5c5-4b50-9f65-b3261dcdec54"
"441","Released","2022-03-25","","f4742c79-f9e8-4aa2-9596-e9acaa6b9928"
"442","Released","2022-03-25","","d3885c42-4e19-4ff5-9df1-e054c5f3d19c"
"443","Released","2022-03-25","","2fc28e7c-5d0c-4ff4-bae0-7281a59c20db"
"444","Released","2022-03-25","","2b0ac168-1ee3-4eda-9c75-e1f2fe010f4a"
"445","Released","2022-03-25","","57963dfd-8b3f-4683-99d8-8a25a094f883"
"446","Released","2022-03-25","","d8460bf4-9649-4949-a472-c9fa3662c29a"
"447","Released","2022-03-25","","c4ddcd7c-3d28-44c7-b7fc-05b11d14af31"
"448","Released","2022-03-25","","61a46d14-8423-46e1-bb3c-d41fec06e159"
"449","Released","2022-03-25","","2e555201-d20c-461d-bb43-2191e1bf1393"
"450","Released","2022-03-25","","fe9a6ae9-f387-4000-968c-a06bdab12677"
"451","Released","2022-03-25","","f06cfa0d-977c-4056-8f6a-d000ea452fb9"
"452","Released","2022-03-25","","b1727cee-a694-473b-8e8a-dfcd8b4b0235"
"453","Released","2022-03-25","","88ad335f-767c-4949-985e-df37ee7b8ffe"
"454","Released","2022-03-25","","186d4823-68db-42c7-941c-7c56bd063787"
"455","Released","2022-03-25","","1347137a-d576-4fd2-b40a-358b7773f916"
"456","Released","2022-03-25","","3f6ef6aa-67ba-48ce-97dd-9f0b13306748"
"457","Released","2022-03-25","","2dbc03c7-e3b1-4385-89a7-977cc81cbd8f"
"458","Released","2022-03-25","","50d957a4-d63e-4034-a339-4b2647cf2c0b"
"459","Released","2022-03-25","","92146d0c-445f-48f0-8168-391b733c2013"
"460","Released","2022-03-25","","fb4fba51-6353-4e50-9d3a-4a55febe2522"
"461","Released","2022-03-25","","ea25dbfa-6b00-4f70-b32b-5f394e5f862d"
"462","Released","2022-03-25","","a6c9157b-6f9e-456e-9b10-8fe7b0f49806"
"463","Released","2022-03-25","","a740ac4d-9445-4653-9f77-6bdc1c1b630a"
"464","Released","2022-03-25","","d7922130-8dae-49c5-839b-231d0b977e63"
"465","Released","2022-03-25","","e217b1c3-d069-4b90-b4fa-54d575f9e487"
"466","Released","2022-03-25","","7b04dea2-0ef7-46a9-85ab-a45a5a325640"
"467","Released","2022-03-25","","6bf3b2bc-177b-4045-9244-8d435cdba984"
"468","Released","2022-03-25","","41176e3c-22dd-4966-818b-d72fafd0b5da"
"469","Released","2022-03-25","","90435357-44e1-4616-aa05-f7eef37c03c9"
"470","Released","2022-03-25","","bae623fd-7690-450d-88d8-f050e84701bb"
"471","Released","2022-03-25","","459b4ff8-964f-469c-9aba-38115a5d5203"
"472","Released","2022-03-25","","c5a4f3b5-a829-4f85-b157-338ad41a3bc5"
"473","Released","2022-03-25","","70df7525-4497-4053-b54d-66d1d3828f1f"
"474","Released","2022-03-25","","631ca2fc-2066-48e3-a79c-a6e20050a810"
"475","Released","2022-03-25","","aecd312d-c1c2-4a96-a696-77c8af38c6a2"
"476","Released","2022-03-25","","ea1f3c93-250f-4a72-9c62-7c5af06ebca0"
"477","Released","2022-03-25","","63624525-f19f-41f8-bdeb-e81c91f3516a"
"478","Released","2022-03-25","","3a7e944c-d3cb-438f-bcfb-c7566c9f9d81"
"479","Released","2022-03-25","","61e1f40f-535a-41e9-a33e-2ac64ea38bac"
"480","Released","2022-03-25","","dd28abf0-7304-4523-a5c0-73b6b5c2d141"
"481","Released","2022-03-25","","2b27c576-d8a0-49e9-9727-55fd005f131c"
"482","Released","2022-03-25","","6faefb1f-db03-4ec1-aa7e-b1d96030703d"
"483","Released","2022-03-25","","69d1d164-363e-447a-80be-df5e48400ecb"
"484","Released","2022-03-25","","b7d81072-17dc-4264-8906-2396aa26a178"
"485","Released","2022-03-25","","721e1f5e-b366-4169-ae43-0c3bf8b3d3d6"
"486","Released","2022-03-25","","347c5593-d2d5-44c4-b19f-351991054d2e"
"487","Released","2022-03-25","","60724c55-bdee-4c03-8c16-d7c948eec003"
"488","Released","2022-03-25","","093ffeea-42d3-42c0-a2df-f87f370b7ecb"
"489","Released","2022-03-25","","e642783d-ad86-4e40-a1a7-749c888eea50"
"490","Released","2022-03-25","","4dbbc6ea-35c2-4490-872a-313b541ccb9b"
"491","Released","2022-03-25","","a880bc2d-2668-4e44-ace0-29db2385a8fa"
"492","Released","2022-03-25","","c76cb4a4-023c-4228-85b1-f28c3f9e4354"
"493","Released","2022-03-25","","efc0267f-3338-42e7-9015-c8635285371c"
"494","Released","2022-03-25","","e1587930-245e-4a81-806b-fffb30d5a86b"
"495","Released","2022-03-25","","d0adfeab-5d60-417a-a368-7cc62cd1f09d"
"496","Released","2022-03-25","","5d023004-a5d9-4bda-a167-af249a01bd69"
"497","Released","2022-03-25","","6e61d9dd-9feb-48a0-839e-f643257088e6"
"498","Released","2022-03-25","","072c5a08-c4cf-4089-a02c-d56dc4171119"
"499","Released","2022-03-25","","2ab69f29-083e-4f4c-b482-3c2d4d6027d1"
"500","Released","2022-03-25","","03d5dd65-6208-4ae2-9680-62cbb15d497a"
"501","Released","2022-03-25","","6a570308-e469-413f-b086-f497af83df23"
"502","Released","2022-03-25","","c805eec9-036a-44d6-82f9-ee22b7760950"
"503","Released","2022-03-25","","d315eb5b-2f1e-49f3-ba5b-6866710430b2"
"504","Released","2022-03-25","","97524182-551d-41c3-8ea1-0ea49cfa5db2"
"505","Released","2022-03-25","","e3a96595-5f10-4629-ad80-9119593087b0"
"506","Released","2022-03-25","","0e38fb76-7c67-40ef-a0dc-a7ffe1d14729"
"507","Released","2022-03-25","","50e254aa-b536-424d-8e26-b2d54e3fdec0"
"508","Released","2022-03-25","","4ee6c69e-6396-4b80-9153-19812962e325"
"509","Released","2022-03-25","","b86a2f08-6b5c-4d94-8887-2d99c03a96be"
"510","Released","2022-03-25","","c9de4b21-4862-4dd5-84ee-95bcfc3181d5"
"511","Released","2022-03-25","","e0cdc5e0-dabe-40fb-9922-951cbeea69b8"
"512","Released","2022-03-25","","9e458cc6-845d-4966-b573-86e4d99dfe1d"
"513","Released","2022-03-25","","42de1d57-dbe2-4c9d-8333-49dd2376d832"
"514","Released","2022-03-25","","3bc96a56-c369-412f-87eb-77aa77108516"
"515","Released","2022-03-25","","1738686d-c17b-4cf6-be7f-81a969dbf58c"
"516","Released","2022-03-25","","b522a5e0-6c52-4144-8c89-0c907de00e57"
"517","Released","2022-03-25","","094b1257-ed5e-4a4e-b53a-d2377d44c20e"
"518","Released","2022-03-25","","94f4e558-2c61-44c0-b5fb-ede6adc18f0f"
"519","Released","2022-03-25","","f7146cd6-41c2-48d0-b50c-66a54915c3d4"
"520","Released","2022-03-25","","6a7acc34-e949-4dea-9496-a9f55ba37c1a"
"521","Released","2022-03-25","","956b95f6-8ba8-46af-8849-cea74303f888"
"522","Released","2022-03-25","","fc5d5d50-f139-4f8b-8bb6-2ca7728424f4"
"523","Released","2022-03-25","","28f94c37-7ec7-42b8-9441-8b190b6b139d"
"524","Released","2022-03-25","","8e4f70b8-4167-4140-9fcf-a3f7c584c804"
"525","Released","2022-03-25","","a1cf311e-32a9-4cef-b5ca-494302334267"
"526","Released","2022-03-25","","f39d34e1-7ec4-4fb6-a2b2-e3b84384db66"
"527","Released","2022-03-25","","ee5cf96c-3eeb-4d10-95ec-2c0abd86ce64"
"528","Released","2022-03-25","","14536f8c-cc8b-4cc2-977f-3fa64811c088"
"529","Released","2022-03-25","","6bcf245c-fcd7-4a08-acaa-de2444293dcd"
"530","Released","2022-03-25","","00f73f1e-16c6-4a9e-8591-be14df662767"
"531","Released","2022-03-25","","ae31131c-9f31-402a-afe6-963409abef8d"
"532","Released","2022-03-25","","26d05b6d-b1bb-43fd-861c-37f021fead19"
"533","Released","2022-03-25","","925b3bcf-6a9b-4ce8-ae05-5cd5a7e4893a"
"534","Released","2022-03-25","","42239d7f-5748-4c71-b281-954d60e27612"
"535","Released","2022-03-25","","0f126057-6780-4723-ab58-8d621e8ed9f6"
"536","Released","2022-03-25","","5595661c-1591-432f-a560-c335f8a2921a"
"537","Released","2022-03-25","","b88d4a96-64c6-41fa-bc4c-9c120dbddbe2"
"538","Released","2022-03-25","","7adf898d-14f1-4191-a39c-0cb56ebd0b70"
"539","Released","2022-03-25","","5c66b723-700d-47b4-9c9a-2d5b80c22614"
"540","Released","2022-03-25","","79bb0686-ff75-4070-b68e-8f0a126061ab"
"541","Released","2022-03-25","","b8faaf2d-e006-4596-8535-a4f00241ba85"
"542","Released","2022-03-25","","e97d126c-83f9-4e4f-b508-3194717d5f50"
"543","Released","2022-03-25","","629b372b-b5b4-4247-9761-65b2d5c03b09"
"544","Released","2022-03-25","","a65c6974-46f7-4039-9836-d5985fa16b28"
"545","Released","2022-03-25","","c6df1a61-76ef-4970-9d6d-3fc9e2256050"
"546","Released","2022-03-25","","bfbc3235-b00a-4c3e-b7b7-814a7fb81b5a"
"547","Released","2022-03-25","","adfcec66-d915-4bd9-a0dd-a7848bd7a3d7"
"548","Released","2022-03-25","","d3b8fec1-6573-4937-a5ac-09b8c27fc8d2"
"549","Released","2022-03-25","","c80f923f-c9ec-4b96-850e-9f64c3e8912f"
"550","Released","2022-03-25","","a6d1a1a5-c7d6-4de5-bee7-da15c56e4513"
"551","Released","2022-03-25","","44e6cc50-3681-473c-af7e-45387dde6076"
"552","Released","2022-03-25","","d2a78e0a-dc41-479a-a4cf-c62abdbf8f55"
"553","Released","2022-03-25","","69cb27b2-5079-4809-b0a1-bf2630a214b1"
"554","Released","2022-03-25","","3536113b-3c28-470f-b620-74c094b2d878"
"555","Released","2022-03-25","","805d7dc2-0f59-4fd3-b85a-0ebb49a00e15"
"556","Released","2022-03-25","","f7a6705a-d110-45c3-a189-27a3cdd421dc"
"557","Released","2022-03-25","","5fdc0ea2-8f34-480d-9fd0-a26544f9c483"
"558","Released","2022-03-25","","f10fa692-80f7-47b2-9790-8d3c70005f02"
"559","Released","2022-03-25","","b6e27e90-d4ab-4535-87b3-7d868558fc39"
"560","Released","2022-03-25","","712ce0dc-49b8-4769-8923-4f418f610e6a"
"561","Released","2022-03-25","","b5c9ba51-b8cc-40a7-ab41-b6026862a270"
"562","Released","2022-03-25","","ef5a9f0e-720e-4105-b6c8-9ab16c8bbb39"
"563","Released","2022-03-25","","6d9647ac-f412-4f2c-9ecd-d16b30b54d88"
"564","Released","2022-03-25","","9f6a1d18-43a1-4daf-ae84-7807d3d98b2d"
"565","Released","2022-03-25","","0d5c4852-35e7-4639-b513-90c059b3c0c0"
"566","Released","2022-03-25","","4a210ce3-a1d7-4fdc-a026-1637f4d37d70"
"567","Released","2022-03-25","","84ee6787-d38f-4f52-8dce-64f54b0e41c3"
"568","Released","2022-03-25","","af36f2cc-3316-49f5-bb2c-8586cad9e6ce"
"569","Released","2022-03-25","","edd8ab82-e0a9-4d76-a6d6-b8eebcd6dac5"
"570","Released","2022-03-25","","e03b2b91-3f93-4967-a5d8-9539115af372"
"571","Released","2022-03-25","","97868f20-53be-4a0a-801c-725fff4c26a3"
"572","Released","2022-03-25","","326dfdc2-9c62-48f0-96c5-86eba3a0fbf3"
"573","Released","2022-03-25","","60e18751-3b86-425b-8b09-f1e4586a1362"
"574","Released","2022-03-25","","47db79e7-2dfe-42f6-8bde-4ea28bf2be67"
"575","Released","2022-03-25","","c9670a60-d5eb-4e3d-941f-567e12ec812b"
"576","Released","2022-03-25","","30812826-16fc-40b8-9348-7c6df1269939"
"577","Released","2022-03-25","","5aa71715-3c8f-4c33-b27f-c6d7c88658bf"
"578","Released","2022-03-25","","963290cd-a964-4e9a-8816-3e295b78a188"
"579","Released","2022-03-25","","dae408ca-afdf-4a04-acc4-c237ed23b6fd"
"580","Released","2022-03-25","","cb50c077-639c-4427-9bf0-01c3ca17ac7a"
"581","Released","2022-03-25","","79d88f5c-43a6-4578-9fbd-3d5574fc565f"
"582","Released","2022-03-25","","0272da8e-e1a4-43b4-b6bf-bcf3eed7ab4a"
"583","Released","2022-03-25","","b610b38a-a8c5-4f9f-8a41-d9eb6a1b33ef"
"584","Released","2022-03-25","","90df02d4-49b8-494c-9582-6967b331b1e4"
"585","Released","2022-03-25","","13d6ba7b-ac1c-4ff8-ab12-8db5ebadddd0"
"586","Released","2022-03-25","","681f69fc-e31a-4e00-b7f1-6f30b455bd6f"
"587","Released","2022-03-25","","db8c8452-5b50-42e8-975f-c0fe08dae47b"
"588","Released","2022-03-25","","7749ca05-8611-414d-bc2a-bff88a834133"
"589","Released","2022-03-25","","90ff7b67-38f6-480d-be7d-e0dba1b2e92f"
"590","Released","2022-03-25","","f00dacb1-04d0-4b7d-8590-0dfe4dda180d"
"591","Released","2022-03-25","","4a4b2c1e-e46a-4d52-a246-b856a207fafc"
"592","Released","2022-03-25","","6ff9b383-58c9-4d7e-bb2c-9c4118b39a7b"
"593","Released","2022-03-25","","b4593182-23fa-49d1-8f75-f14c93e24b18"
"594","Released","2022-03-25","","f3f371e2-1b4a-429e-9f66-d78587996404"
"595","Released","2022-03-25","","5e3838bf-4d70-451d-ad8b-e64e908ea6b2"
"596","Released","2022-03-25","","603aeb97-81ec-4547-9aeb-4df61ae4dfc2"
"597","Released","2022-03-25","","39d463bb-84f2-4610-9343-233f9d2f32ed"
"598","Released","2022-03-25","","4efd407a-e409-44b9-b33e-35284f4a2329"
"599","Released","2022-03-25","","bbfed8fd-70b8-418d-afcc-d86ea4d9ecc7"
"600","Released","2022-03-25","","36554d0b-80f3-4092-85ad-f167187ca08b"
"601","Released","2022-03-25","","03488f66-b8ef-420a-9ce1-127f94cb9930"
"602","Released","2022-03-25","","852e3563-cace-4704-8e64-9669e12e9825"
"603","Released","2022-03-25","","18b028c2-b579-4885-9d7d-5b9cb8beb9d1"
"604","Released","2022-03-25","","5b4ef77e-e709-4df3-a26c-58fd1603eec8"
"605","Released","2022-03-25","","394871e4-fa5d-44f1-be10-b35ce697983b"
"606","Released","2022-03-25","","5117ea83-fedf-4078-a316-1e180dc59ad1"
"607","Released","2022-03-25","","368bfc3c-56c6-409e-b92c-3ddec13a1c25"
"608","Released","2022-03-25","","84f22e19-9448-4810-bb27-e8e703d5e1fb"
"609","Released","2022-03-25","","6212a889-1716-465d-b1a8-b2cc2d271b41"
"610","Released","2022-03-25","","2442705b-6adc-4e38-82e6-ffac9939890a"
"611","Released","2022-03-25","","9a7e2215-e8ff-443f-b657-36c5aeb0af4e"
"612","Released","2022-03-25","","8491635f-498f-4e01-bc7d-4ba8a5086d5f"
"613","Released","2022-03-25","","ff7f49ff-3cac-458a-87f4-05644f4dace4"
"614","Released","2022-03-25","","0c400aeb-ce5a-450f-be73-8f134061c2fd"
"615","Released","2022-03-25","","cc772a77-dd7c-409e-b975-842dcd67486a"
"616","Released","2022-03-25","","fa207336-dd07-4a1b-a0c9-f1e10c8268cc"
"617","Released","2022-03-25","","1c712fcb-78a0-4ad5-933c-a9102d2fdbef"
"618","Released","2022-03-25","","c3bc1332-cbc9-4219-92d5-ea8ffa045d16"
"619","Released","2022-03-25","","cccc064d-bb1a-4eaf-8366-60ec245e54fc"
"620","Released","2022-03-25","","16f51173-85f6-4b75-992c-3adb406dd281"
"621","Released","2022-03-25","","83c4cea3-cd99-4dc2-8772-fdd8abe7f294"
"622","Released","2022-03-25","","987239c5-6d04-4742-954b-e67d379bf830"
"623","Released","2022-03-25","","72861718-a1c3-4c94-914f-5de947a1c6d3"
"624","Released","2022-03-25","","1a6e3ed7-293e-4c4b-9777-4c21efb3d0d5"
"625","Released","2022-03-25","","107d5e90-e539-4265-a1a9-e1fd15a595c3"
"626","Released","2022-03-25","","6891f9ba-0887-4830-8456-18359dcb2560"
"627","Released","2022-03-25","","d61c1b68-b31a-4796-8a01-062b578af1d4"
"628","Released","2022-03-25","","c6c611ca-e763-42bd-aaac-5e5a47e3ac49"
"629","Released","2022-03-25","","51e113c3-35bb-4e11-887d-fc513f117234"
"630","Released","2022-03-25","","b41886c1-8a3b-482f-9204-61270046a69b"
"631","Released","2022-03-25","","7cc7740a-8148-4ee2-9a72-b343aaaa0e12"
"632","Released","2022-03-25","","efcda141-844e-4e6f-8f59-1b04a2c914d7"
"633","Released","2022-03-25","","d048e693-0efb-4a1c-afc5-cc2b822ef07a"
"634","Released","2022-03-25","","29b9a31c-970d-4673-896d-d3fc77bfd76a"
"635","Released","2022-03-25","","184c31a8-3013-4a99-91d5-510434532491"
"636","Released","2022-03-25","","76823064-328e-4349-9f2f-135d96d9eef7"
"637","Released","2022-03-25","","f5d4ca60-ba86-4fd7-90bb-67d7cfb1f3ff"
"638","Released","2022-03-25","","c370bb9b-224f-4c64-8010-4366e1f2f321"
"639","Released","2022-03-25","","75c9d479-7e14-4336-ba0e-08b7c2fdd0f2"
"640","Released","2022-03-25","","859852c6-4bf2-4233-bf54-a53283cfde7c"
"641","Released","2022-03-25","","233bb97c-e6ee-412c-a825-1823adc6adec"
"642","Released","2022-03-25","","0962a0e9-dc81-4662-8bf8-c6085a87fa12"
"643","Released","2022-03-25","","a20cf286-0eef-4872-9bcc-26251cbcef4f"
"644","Released","2022-03-25","","af4f706e-f1a8-4ace-b75f-ca70b5ae6f5b"
"645","Released","2022-03-25","","0a323887-2489-4008-9cac-00a4f89a4499"
"646","Released","2022-03-25","","0aa25ffc-ec48-4992-b76c-94e8d66cd165"
"647","Released","2022-03-25","","4e6166e2-63b7-4777-ac5d-497fe131b334"
"648","Released","2022-03-25","","f13b5300-0f8a-44c8-83d5-b812cea680fd"
"649","Released","2022-03-25","","554b32df-188f-4b5e-9b85-d3a76d5a5df9"
"650","Released","2022-03-25","","48056785-ef0b-49cc-8cc1-040df7d6d806"
"651","Released","2022-03-25","","0b07c3bb-fa8a-4bb1-8ee4-01c4fe0aaee9"
"652","Released","2022-03-25","","a51df894-8da9-48c7-8d07-2e6752fe15bc"
"653","Released","2022-03-25","","51afaa7f-cdf6-49aa-8ab4-d6fa8ee51089"
"654","Released","2022-03-25","","34d1ce5e-d80b-4313-95f8-df0346552f58"
"655","Released","2022-03-25","","2ceeb8e1-8bca-431c-a240-48bbb9447026"
"656","Released","2022-03-25","","5d1ab247-fde7-467d-b869-441a4d3a99e8"
"657","Released","2022-03-25","","9b8cb514-af80-47eb-b5a8-3113c617f82c"
"658","Released","2022-03-25","","1e740274-c360-4a1f-b908-17f9f7e1f463"
"659","Released","2022-03-25","","d7cb8756-6770-46de-871c-6ca89fff38b8"
"660","Released","2022-03-25","","abb8a8d7-64bf-4f18-8ea1-87b968c6fff9"
"661","Released","2022-03-25","","0814d876-1fd4-46c6-beed-f727d30cfd15"
"662","Released","2022-03-25","","e2b6fd45-eadd-47f7-9c98-175fb1456847"
"663","Released","2022-03-25","","ffe3c573-24c6-4b33-a233-cbefeb0b659e"
"664","Released","2022-03-25","","c9f7919b-fcea-43b0-b263-a027763694e7"
"665","Released","2022-03-25","","fc8fc1aa-3cf0-4946-96bd-1c5a0897e71d"
"666","Released","2022-03-25","","623c5317-80ee-4b21-b73c-05400179b9ef"
"667","Released","2022-03-25","","80b1bf99-c113-41d8-b06f-fa40601fb02d"
"668","Released","2022-03-25","","da5b5c3f-c4b1-4003-9851-7c9a9679e7a9"
"669","Released","2022-03-25","","00954582-064c-44b9-828b-13e89c365ee0"
"670","Released","2022-03-25","","f9fa4790-9401-4835-a7ce-10ebb5da80ca"
"671","Released","2022-03-25","","3a8b4dee-f263-4117-824a-9a6014bc087e"
"672","Released","2022-03-25","","2c90d153-fc65-4c2e-a232-a9d142adebc5"
"673","Released","2022-03-25","","01de1899-78a2-4a4a-9c81-b3d66ae1088d"
"674","Released","2022-03-25","","5d9e3d41-ba7e-44a3-a951-e69210799411"
"675","Released","2022-03-25","","e180c9d5-5763-440b-9222-405476ddbd41"
"676","Released","2022-03-25","","fa0f4ec5-acab-4eea-9882-31d4bb72af12"
"677","Released","2022-03-25","","ac80b47b-04e9-4a21-80d8-638f44d7a9a3"
"678","Released","2022-03-25","","9eb4336a-d824-42a0-a386-1af061afde29"
"679","Released","2022-03-25","","b68d53b2-89a8-4ee9-888b-9ec55777af87"
"680","Released","2022-03-25","","6b0e92e3-e9bd-46f7-8128-5f2a560be753"
"681","Released","2022-03-25","","18660c40-d83c-4485-85c5-d0c53f11cf77"
"682","Released","2022-03-25","","2cb5c27d-cb80-498a-94a6-5f2e4da3e362"
"683","Released","2022-03-25","","b7c0619a-59d4-47e5-9594-5cb2cf38e61f"
"684","Released","2022-03-25","","df2b8df8-5398-4bec-9ddc-8b0e4afb2f73"
"685","Released","2022-03-25","","2e6ae3c6-26a0-4dbf-8ff5-099d28f2c719"
"686","Released","2022-03-25","","5ba9ec82-160f-4a63-90ed-a238216dbc3b"
"687","Released","2022-03-25","","ab018eb3-5286-471b-a3ee-27bc690deaab"
"688","Released","2022-03-25","","dc68d6d8-0d43-4f24-939f-de71fb6ec230"
"689","Released","2022-03-25","","d499c7ec-d24b-459b-840e-c6f1589791e6"
"690","Released","2022-03-25","","23c0c22d-c006-4fd6-8273-76dde41ff876"
"691","Released","2022-03-25","","a7335542-42c4-4449-9592-dd6352e167b6"
"692","Released","2022-03-25","","33490eae-9add-492f-8bb3-42bd31defc81"
"693","Released","2022-03-25","","ff0fd6be-be3b-404f-a208-1ac223d9aebb"
"694","Released","2022-03-25","","e51b094c-02d7-4ea4-b84e-8f40ecc56bfe"
"695","Released","2022-03-25","","6149b59d-0b98-4a13-af27-4eb35b50d925"
"696","Released","2022-03-25","","2fd86b1b-9182-4895-abab-6cd131ccd130"
"697","Released","2022-03-25","","1c00abbe-b200-499b-949d-50a426d02061"
"698","Released","2022-03-25","","6dde1023-cf10-4414-a624-0e35aef28228"
"699","Released","2022-03-25","","fda10491-568f-4e94-8101-17849a982471"
"700","Released","2022-03-25","","65cea47c-6821-4e43-980f-9f8d8cce0285"
"701","Released","2022-03-25","","0f12e9ff-198e-461a-9b39-191400434103"
"702","Released","2022-03-25","","724e0a37-2e3a-4d65-8310-887456e87644"
"703","Released","2022-03-25","","9cfa89a6-ace7-43d3-a36e-93a800a26936"
"704","Released","2022-03-25","","71b39dba-587d-4fc4-930a-b5442779df5b"
"705","Released","2022-03-25","","66d6471c-cca9-4a6a-8c7b-7fecc94a991d"
"706","Released","2022-03-25","","14542c5b-5517-4856-b2c8-b2b3bcc0c1c5"
"707","Released","2022-03-25","","1c7c1819-25e8-497b-9e3c-983fdca9ca2f"
"708","Released","2022-03-25","","0b5072f0-fd13-45b9-be02-cbc0776df648"
"709","Released","2022-03-25","","f97c59a6-d3eb-4121-b463-a4f299826a31"
"710","Released","2022-03-25","","3844ef23-edf5-4d6a-8887-94804c8d599f"
"711","Released","2022-03-25","","228544fb-39e0-45e1-b8d9-78ca7d41d29c"
"712","Released","2022-03-25","","73a8dec7-02a2-445c-8592-4ff9ba70e824"
"713","Released","2022-03-25","","46c0705c-6337-4e22-bd33-918dbc115b23"
"714","Released","2022-03-25","","14042f9a-47ee-4d18-8251-e27859165b3d"
"715","Released","2022-03-25","","a9955a64-9f95-475d-9ad8-764db9ba27f9"
"716","Released","2022-03-25","","a3b6b1ec-7a2f-4256-8590-df254f398c71"
"717","Released","2022-03-25","","4897f22b-3b06-481a-84d5-57a42cc84235"
"718","Released","2022-03-25","","6571ee64-656f-401f-a4c4-4acd53fda5c5"
"719","Released","2022-03-25","","ec7a2088-08b2-4a56-b935-96f7b2c2b331"
"720","Released","2022-03-25","","cf5613fd-7f6b-406a-b570-ff177d6ba91f"
"721","Released","2022-03-25","","243082df-cc64-4265-be66-d003eb3dc733"
"722","Released","2022-03-25","","282ab024-95d0-4bd9-a4d5-38fd1f9ec222"
"723","Released","2022-03-25","","4d27cc8b-f8fc-48fb-b4ba-f38d1a86f67d"
"724","Released","2022-03-25","","0b926343-9a30-4695-9170-eb3b5b31013f"
"725","Released","2022-03-25","","0ff61f91-4508-4fc8-9a3f-16730283ddd1"
"726","Released","2022-03-25","","56acde10-0787-49bb-ac6b-4fbc7bf80537"
"727","Released","2022-03-25","","6fe893b9-5948-4911-866e-80e09d98cab1"
"728","Released","2022-03-25","","56b7f964-5b95-4957-b5be-761f351281d6"
"729","Released","2022-03-25","","b2313529-17aa-4905-912a-6017c2c1f1b3"
"730","Released","2022-03-25","","d5634b12-244a-4fbd-b712-7b956660ccf0"
"731","Released","2022-03-25","","f0ffcc1e-1bb8-4ce9-a7dc-6ae25402c4bd"
"732","Released","2022-03-25","","a5f2a29d-4f0f-46db-9d73-26203deee596"
"733","Released","2022-03-25","","7c50284e-ceb5-4c2b-aa1f-67554c57dc84"
"734","Released","2022-03-25","","f02e9cbf-4f0d-4fbb-912f-2dfe79a689ec"
"735","Released","2022-03-25","","2ee793e2-8062-4e7c-85e1-f29395c37150"
"736","Released","2022-03-25","","d3fe5359-6a6f-4b7a-b1e9-f25e9983c048"
"737","Released","2022-03-25","","c37460eb-cc47-4cbb-9fb7-8a55469b2a7d"
"738","Released","2022-03-25","","d064ba75-6b50-41f7-aabd-f52d170d35d9"
"739","Released","2022-03-25","","a63523d6-639e-410c-98ce-a710a834ff83"
"740","Released","2022-03-25","","0343c6d9-173c-4f38-bbe2-0ae5c031b7cb"
"741","Released","2022-03-25","","491b7eeb-39e8-4166-9048-5ec48e9aa8ec"
"742","Released","2022-03-25","","535a8d06-e025-4fdd-aabe-2e38bd49bb87"
"743","Released","2022-03-25","","34f15a84-0f19-4a97-a321-f582c4a93425"
"744","Released","2022-03-25","","b9a86bc1-1cff-4279-a2ed-a3300cd6281b"
"745","Released","2022-03-25","","7c391145-039a-4c47-8196-58bb7354dece"
"746","Released","2022-03-25","","06212754-c010-458c-a32b-dd9d08c989f6"
"747","Released","2022-03-25","","d9beb0df-ba9c-4ff0-bca3-58ed6803e26c"
"748","Released","2022-03-25","","8654e0e5-c0ea-4ac9-864f-6c3a7e75c581"
"749","Released","2022-03-25","","dfe11bfa-9f48-4cdc-98f1-a129697a170d"
"750","Released","2022-03-25","","4b245e3d-358d-4ff4-bacc-7776e2efead4"
"751","Released","2022-03-25","","103fb27d-994a-427d-97af-bb9bdc3f50c4"
"752","Released","2022-03-25","","05891bf6-b122-45ff-a396-81c5b0845a5e"
"753","Released","2022-03-25","","6884d7d5-8fa9-42f1-bb3b-4e96aca1399d"
"754","Released","2022-03-25","","d58774d4-d94c-4db2-8326-746428d89d61"
"755","Released","2022-03-25","","724ec7f0-3380-4a00-aafb-ef7dcbd1550c"
"756","Released","2022-03-25","","7df55c5e-c253-4edf-b02e-5119588c7361"
"757","Released","2022-03-25","","6b50dc4a-b46d-49ec-9480-ec6895e8a33b"
"758","Released","2022-03-25","","dacd8527-f5bd-4a01-b99c-10be3440096d"
"759","Released","2022-03-25","","439f42b6-4e40-48ef-ab32-9f7db19018a3"
"760","Released","2022-03-25","","8d5800c4-168c-4c6f-9f1b-f97e76250bd6"
"761","Released","2022-03-25","","36f97757-c717-4e59-9931-c5a4f328f118"
"762","Released","2022-03-25","","30cfc09f-e272-4c5a-9197-9eb0828961df"
"763","Released","2022-03-25","","a41586c8-d725-4cd9-b89c-c62fe3035d77"
"764","Released","2022-03-25","","c97d11a7-a2d1-4326-96de-ebf290ae1f2f"
"765","Released","2022-03-25","","717f2c99-f359-4122-b07d-2bb15e1e8076"
"766","Released","2022-03-25","","4bddf64d-0120-4386-82b6-a5c0c8954e94"
"767","Released","2022-03-25","","13e07440-e747-431f-b759-dbe9be08837f"
"768","Released","2022-03-25","","9f85e085-4109-42d7-8966-f8d1bacea0e8"
"769","Released","2022-03-25","","b82a4074-1018-4b3c-a763-f85c48ca8062"
"770","Released","2022-03-25","","bd9632ce-3123-4ece-b95a-1ba9cf727ab6"
"771","Released","2022-03-25","","1b679110-27b8-4b89-a478-421086d2460b"
"772","Released","2022-03-25","","5cf5d14b-eb97-429a-ab77-d5a916e31061"
"773","Released","2022-03-25","","9300c7e7-685c-4ef0-9979-940ad5255c64"
"774","Released","2022-03-25","","39388d06-2c57-44ee-add1-d9831f9402e0"
"775","Released","2022-03-25","","7e51c135-60fc-4849-b291-5953fde3bdd5"
"776","Released","2022-03-25","","5ae77e51-1656-4b3a-bbb6-1db7707de319"
"777","Released","2022-03-25","","73edab9f-41f7-4816-9eba-d94fc0516026"
"778","Released","2022-03-25","","41330d5b-93e8-4048-8497-05115fcd3f1d"
"779","Released","2022-03-25","","905a0dd8-1074-44bb-8318-58cb648aa4ad"
"780","Released","2022-03-25","","584a8bd4-883f-4883-9990-fd6e26670ed1"
"781","Released","2022-03-25","","17a8897b-e60b-4038-a2b8-4497c2efe4b9"
"782","Released","2022-03-25","","97950ff0-6e52-4fff-8960-814bf22fb479"
"783","Released","2022-03-25","","e28e03f0-0ca9-4f9d-b758-6037d2eb3a8f"
"784","Released","2022-03-25","","fa4eab88-2cd6-4d67-b1a2-5751bd536b68"
"785","Released","2022-03-25","","b41a0f95-7b22-4885-a90a-436be285821b"
"786","Released","2022-03-25","","343154ca-e805-42bf-ab44-83408bba4942"
"787","Released","2022-03-25","","2e6e13f3-8ea2-4787-8f8f-ca00cf2a9bfc"
"788","Released","2022-03-25","","573defcc-12e8-488c-8f7b-bcbd4f14b10e"
"789","Released","2022-03-25","","bc0379f5-b293-425a-b21a-73a7ed3aa20d"
"790","Released","2022-03-25","","d3bdcdff-1835-449a-aa32-1b6fa82657bc"
"791","Released","2022-03-25","","827e2d43-32ac-4e34-b323-0b4ee343cce7"
"792","Released","2022-03-25","","a07702ad-d043-4c37-b4d8-adc25249af60"
"793","Released","2022-03-25","","fb7a9993-71e5-465b-9459-54a7e6801262"
"794","Released","2022-03-25","","94df257e-3641-463c-8a2a-d91797420763"
"795","Released","2022-03-25","","d1fd0fdb-526b-4607-be8d-39d77d77ffb5"
"796","Released","2022-03-25","","b63210cf-807a-4e47-86c3-1cfcbe15036b"
"797","Released","2022-03-25","","e7717eb9-6446-47ae-a1a6-5231086976ca"
"798","Released","2022-03-25","","a1dde0e5-abfb-4fe3-b0b5-f0818b759a78"
"799","Released","2022-03-25","","32222073-1b7f-49d0-b7a4-067f0ea63dd3"
"800","Released","2022-03-25","","1cb36c81-bf76-43b1-92a6-580e0fa60d86"
"801","Released","2022-03-25","","4ed2cbbe-7243-43d5-ad5e-bfd91ab18a92"
"802","Released","2022-03-25","","a0bb6d4d-8823-4a02-91b9-de7e054467e4"
"803","Released","2022-03-25","","14f60194-9230-460b-8139-c73f175bb86a"
"804","Released","2022-03-25","","354bec98-8dbc-4f1d-86f8-3759bc8d107a"
"805","Released","2022-03-25","","5454ab09-caa1-4b21-8326-40db9d597f39"
"806","Released","2022-03-25","","dfab5733-6040-4f98-aa5e-4cee4b491f7e"
"807","Released","2022-03-25","","f02dfaf9-0a51-413f-85f3-547b1dde7caf"
"808","Released","2022-03-25","","a5075f58-3c3a-43e7-93e8-7fde145912f5"
"809","Released","2022-03-25","","8bea3c91-a0fc-4bea-be0a-819b8e55d07e"
"810","Released","2022-03-25","","23c186a0-1ab2-4462-852d-66ae9bf714c2"
"811","Released","2022-03-25","","8a7a8ed4-7b5b-40fb-87df-313dc084033f"
"812","Released","2022-03-25","","2875ad26-e548-4b88-83ff-7c8f4967cac5"
"813","Released","2022-03-25","","9ff100a1-9fdc-43c8-a01c-034b77be27db"
"814","Released","2022-03-25","","89273804-3122-4d33-be08-4b895c45a4b2"
"815","Released","2022-03-25","","10422b5e-d706-49f5-b857-de942c7cc4a2"
"816","Released","2022-03-25","","51cd4c49-fa1a-4597-9373-fde977b86690"
"817","Released","2022-03-25","","6d1ae25c-0e4e-42e0-9b4b-7c4b98919f4a"
"818","Released","2022-03-25","","32dc7b0b-a4e0-466d-849c-e207b07b6b72"
"819","Released","2022-03-25","","d107566c-e8a8-4e9d-99d3-f8aeff969715"
"820","Released","2022-03-25","","6ac9c4b8-1cb7-461e-abfa-3d3f9b93d6e0"
"821","Released","2022-03-25","","42808832-6c62-4dfe-804b-88309e6ce1e1"
"822","Released","2022-03-25","","e5e4e4a8-7c70-4960-b928-31129612fce2"
"823","Released","2022-03-25","","1875a658-a50a-4a2b-b757-385656b7da3d"
"824","Released","2022-03-25","","37bfdf2d-1ebe-43fd-8a13-ab4ae4d3e09e"
"825","Released","2022-03-25","","0a1f3842-59d6-400d-a342-83302903604c"
"826","Released","2022-03-25","","8a5f2e7c-6d66-46a3-9c0e-0ffada4d88ad"
"827","Released","2022-03-25","","aba5d42b-1263-47f1-af71-483bc0f8b320"
"828","Released","2022-03-25","","0a23c8db-a4bd-4ce8-b069-7750c19ea3fb"
"829","Released","2022-03-25","","1a592e18-2cd9-4d5d-b42d-7d2b0a7a596e"
"830","Released","2022-03-25","","ef7ec9ee-8234-426e-80f0-ad0116693b09"
"831","Released","2022-03-25","","b2abc04c-c0fe-4e9a-98e4-8648ac1221f5"
"832","Released","2022-03-25","","e8c64397-80de-4a24-a3d5-0a89d324fb4c"
"833","Released","2022-03-25","","676a2df9-6f6c-445d-83a9-532f98b48426"
"834","Released","2022-03-25","","be13dc10-6723-4090-becc-a5825765bf12"
"835","Released","2022-03-25","","1e12da96-9432-401c-8e29-b58ffc8599b9"
"836","Released","2022-03-25","","c0a4d8a4-d3b9-4c4c-a659-8bdbd9a1982b"
"837","Released","2022-03-25","","fc97b42e-0acb-4a51-b75f-3a106c75d4c8"
"838","Released","2022-03-25","","38a81c2d-6671-469e-87d5-e112cc416375"
"839","Released","2022-03-25","","864cc7f7-90cc-409f-98d0-2f39eb4e23a4"
"840","Released","2022-03-25","","3d3717c6-cf76-48dd-9727-4c9afaa13a11"
"841","Released","2022-03-25","","27537092-bcc7-498e-8208-9601c4f55a00"
"842","Released","2022-03-25","","b74907ee-12d2-4a79-a68b-bfdf3b6ea667"
"843","Released","2022-03-25","","30d32274-ab02-4359-afb5-daab1cb2780d"
"844","Released","2022-03-25","","13519d74-fb01-48a0-b4ef-74af83bf4bd7"
"845","Released","2022-03-25","","c58c96a0-ffc6-4edb-a296-b4c1d46b97b9"
"846","Released","2022-03-25","","52860065-c25a-44d3-a0d6-96906423b7f1"
"847","Released","2022-03-25","","b922950d-46a7-4522-92df-f101542a8c97"
"848","Released","2022-03-25","","d2090b73-2bbb-4d4e-b9bb-3fe441a69e94"
"849","Released","2022-03-25","","a1a238ad-b3ad-44f0-ac4a-889df0cffc53"
"850","Released","2022-03-25","","0397b0a1-dd80-4174-8fce-79c7c9ccafa0"
"851","Released","2022-03-25","","7a943bc7-4cad-4aa1-92c1-1a25f380641e"
"852","Released","2022-03-25","","7efc39cb-562a-4382-a297-ca3f0963703a"
"853","Released","2022-03-25","","873b363d-1941-4fe8-bb41-5051d5af0e1c"
"854","Released","2022-03-25","","e145e615-b0b8-475b-b4eb-c8384eef707e"
"855","Released","2022-03-25","","31d44e70-4348-42b4-a628-fe32e14b66ba"
"856","Released","2022-03-25","","b55fe0b4-19c5-4665-b9aa-d312160aa924"
"857","Released","2022-03-25","","a58d92c5-3ef0-43ee-a2ee-c4d0c8f4d89f"
"858","Released","2022-03-25","","a66856d0-9f86-408e-a236-1a0b69275bc3"
"859","Released","2022-03-25","","80b81b4f-766a-4fc8-93af-51d54f1eb1f3"
"860","Released","2022-03-25","","00b20b55-bd82-4b3c-804a-1f0a38e00ab2"
"861","Released","2022-03-25","","e2b51305-15ae-4fa3-aa0c-805003a57feb"
"862","Released","2022-03-25","","7925b489-78df-42b1-ba76-5e83759bd74a"
"863","Released","2022-03-25","","d91a32b5-d48b-4b0d-a341-2faffa8a3a3e"
"864","Released","2022-03-25","","3b6d7012-7828-43b1-8987-e1b951c5c653"
"865","Released","2022-03-25","","0ca29013-c9b6-46b7-ae6e-ae0dead1dcb0"
"866","Released","2022-03-25","","263e70e2-c232-479d-8926-ed5c209ca002"
"867","Released","2022-03-25","","22600f9e-d7d4-4c96-b519-a48544e25aae"
"868","Released","2022-03-25","","bf5d6267-7a91-4964-b572-dc1742defa83"
"869","Released","2022-03-25","","b6389545-d795-4e65-9b18-9a55a0e3adf3"
"870","Released","2022-03-25","","2a32e7a8-8e39-4911-8daa-e8c4dc69613d"
"871","Released","2022-03-25","","388554f3-1c25-417a-b1dd-2bcdb20140a2"
"872","Released","2022-03-25","","8e12b2aa-c892-4ce5-afbd-3144a7d1ae20"
"873","Released","2022-03-25","","111288be-4b12-41ca-b820-8f1bb671b84f"
"874","Released","2022-03-25","","1428a5a4-bf4f-4050-a7f7-dfa4e5411785"
"875","Released","2022-03-25","","c1aa316f-c4e7-4459-bc21-0e56fbaa2e6a"
"876","Released","2022-03-25","","2763edd3-4d22-4b56-a3da-faeac3260a04"
"877","Released","2022-03-25","","977c65d9-3216-4bc7-b781-cc7314cbec43"
"878","Released","2022-03-25","","f29cbd0a-96af-473d-8f80-cebd71692322"
"879","Released","2022-03-25","","5c1564c4-7a2e-45bd-9481-7f317eb88d4c"
"880","Released","2022-03-25","","e4a68959-90c3-4459-925b-4ae1f5a067d8"
"881","Released","2022-03-25","","9a193129-b4db-4763-ae81-e3080aadc5b5"
"882","Released","2022-03-25","","d0049c15-d93d-4c05-ac59-45adb93d1d58"
"883","Released","2022-03-25","","d9672f6a-d4c4-43c4-bd78-e475cfbd04b7"
"884","Released","2022-03-25","","4006fb38-a40d-41b4-9035-e8e913c3b795"
"885","Released","2022-03-25","","1c8ef970-6558-400a-b024-96e31e9a51f6"
"886","Released","2022-03-25","","12eeb7d0-a4ac-4bc3-b31b-0e3993972889"
"887","Released","2022-03-25","","316491af-aa97-4df7-83c4-0c3643834a2e"
"888","Released","2022-03-25","","b3489a4d-3c1d-416f-a18a-63100b03ebbf"
"889","Released","2022-03-25","","b21d789d-da23-4d80-817b-8e100b605c05"
"890","Released","2022-03-25","","11699db4-7f30-4732-a913-c43456464468"
"891","Released","2022-03-25","","832b767f-62c8-4337-8b2b-300be84af205"
"892","Released","2022-03-25","","3a5b959e-e6de-4d09-b852-49ebfa35066c"
"893","Released","2022-03-25","","1abbd339-9732-4a07-936a-4defc3c42c7b"
"894","Released","2022-03-25","","619beab8-0055-4277-a92c-0f868eff9b9b"
"895","Released","2022-03-25","","5f1e2ffc-4fe5-4eea-ad2b-8ba69acdeda6"
"896","Released","2022-03-25","","4f36034c-bd23-4ccb-ade9-320aa0e5e93c"
"897","Released","2022-03-25","","474bd255-8e6c-4107-a6b5-68b84a4efdc0"
"898","Released","2022-03-25","","dc904eff-39fb-459e-b0c1-aef59c545345"
"899","Released","2022-03-25","","239eff69-9c5e-4a60-af41-57b081ff2360"
"900","Released","2022-03-25","","d130e576-7449-4aef-964f-6f79e5708de0"
"901","Released","2022-03-25","","d1fdf338-4f23-4653-af19-cf335823cafa"
"902","Released","2022-03-25","","4f158791-a7d1-4e66-8006-1a1fc02aabfd"
"903","Released","2022-03-25","","f906edf2-87f6-4af2-914f-62b43377a5db"
"904","Released","2022-03-25","","35aca967-67e4-4958-8a45-107102ea7457"
"905","Released","2022-03-25","","20f9f2c0-8044-4406-b1d4-bdf9d20c7be8"
"906","Released","2022-03-25","","f024437f-871f-4176-8191-660199aeefab"
"907","Released","2022-03-25","","0bcf91b9-53cd-4ee2-8464-aeaaf53fc787"
"908","Released","2022-03-25","","8c6f4ebe-b45f-4b54-baec-1576ddd5b379"
"909","Released","2022-03-25","","8ac791e4-0ffa-4682-99f1-31f7127db633"
"910","Released","2022-03-25","","f95c4bed-52f8-487c-91fe-bc3f679bd0b0"
"911","Released","2022-03-25","","be4f5b36-b849-46f0-a1c3-0f6eb727b1e5"
"912","Released","2022-03-25","","0194992f-3801-4a1e-b7c8-027f934920d4"
"913","Released","2022-03-25","","0c340470-eace-4337-8b2f-11cb49dbf998"
"914","Released","2022-03-25","","2643b0af-201d-4cd5-b528-d0cee3497879"
"915","Released","2022-03-25","","3fb35068-7264-41fa-b4d3-3d3787bab4e9"
"916","Released","2022-03-25","","a5fc97bd-4a06-47d6-8224-b822996683ee"
"917","Released","2022-03-25","","7839df18-3dc9-49eb-8986-0d1f89b2d80c"
"918","Released","2022-03-25","","e596eb7e-bc06-4d35-bfca-eb6c10de2b76"
"919","Released","2022-03-25","","db441877-6e05-4799-aeb0-8e15d153ade0"
"920","Released","2022-03-25","","b816f4e4-c323-4617-8f99-c9c92de88691"
"921","Released","2022-03-25","","02dcf24e-43e6-4fda-9e83-8ce5bdf9f9eb"
"922","Released","2022-03-25","","2a6d4406-d702-41dc-8846-0275a2859b47"
"923","Released","2022-03-25","","214afa80-2f3a-45ff-a26d-35c70eb585aa"
"924","Released","2022-03-25","","9275c5e1-3e34-4fa2-ac66-414b2788d0ea"
"925","Released","2022-03-25","","766c246e-5bf5-4b10-9f24-8815eefd04b4"
"926","Released","2022-03-25","","c321590e-4584-4614-8a62-985ae8eacb24"
"927","Released","2022-03-25","","9fdb3f19-3ce2-4bae-b901-05da29490059"
"928","Released","2022-03-25","","22b824d9-06f1-4e64-8994-86d1fa7533d0"
"929","Released","2022-03-25","","789c0b4f-b22f-44dd-8b92-04b51096029a"
"930","Released","2022-03-25","","f90e7339-e10a-4179-ace5-a6ea2a74e5f4"
"931","Released","2022-03-25","","3c7b4a89-863d-46ce-9f44-be7f19f2b402"
"932","Released","2022-03-25","","9848b7a0-8d85-4d21-8b2c-9b2ea27ac442"
"933","Released","2022-03-25","","b0459b5d-f00b-42b8-89d7-0784c71ae7bf"
"934","Released","2022-03-25","","bb9f260e-bd61-4596-a810-d30cb1ad6609"
"935","Released","2022-03-25","","97bd46ea-bb53-4b53-b14d-e16817b825fa"
"936","Released","2022-03-25","","ae648e24-1870-41c8-ba0e-90bfbe9b80ef"
"937","Released","2022-03-25","","855b59ee-eb63-4b35-b194-b5e29d1d2d13"
"938","Released","2022-03-25","","ea35ead6-0d15-402a-ab74-4e7285b9be69"
"939","Released","2022-03-25","","fe411e8a-e462-4b4e-8f9f-99c6c6b7714f"
"940","Released","2022-03-25","","af7a7def-696c-41e0-ae82-13103c7ad50c"
"941","Released","2022-03-25","","73837c31-fbb9-490f-b7a1-0977a35b1c3d"
"942","Released","2022-03-25","","a129f24c-5878-4504-b58e-48e2cec461cc"
"943","Released","2022-03-25","","caf6e1d3-2df1-48ee-ad98-df9c362b76f5"
"944","Released","2022-03-25","","7cb11f9f-9b3a-4c4b-b418-20d1ccb2cbe7"
"945","Released","2022-03-25","","154b6552-675e-4a93-84a4-a3eb10d85697"
"946","Released","2022-03-25","","2375c474-6c08-4ba8-abfd-9a092c0923c4"
"947","Released","2022-03-25","","8399438b-2ec7-4b68-80b5-1f9de2e0af21"
"948","Released","2022-03-25","","32743fd7-bb45-492c-a97c-696818deb274"
"949","Released","2022-03-25","","81596f2a-daeb-497e-a406-ffa4887d5630"
"950","Released","2022-03-25","","e3ead78f-c3aa-497f-a477-1fcabe1682d7"
"951","Released","2022-03-25","","1555142e-e080-475d-b1b8-7fa98eb73998"
"952","Released","2022-03-25","","a9c9e0bf-fd6a-4f10-8739-6404df4dd8fa"
"953","Released","2022-03-25","","e4f9394f-094b-40ed-989e-ea635d76afc5"
"954","Released","2022-03-25","","afcaef54-a821-4420-8835-8077e4121978"
"955","Released","2022-03-25","","227a3941-bac0-4ab5-a818-b4d0a765b023"
"956","Released","2022-03-25","","425ba7bf-23d0-41bc-a023-9f4cda92924f"
"957","Released","2022-03-25","","42cf787d-8bc3-4362-b1e8-1c571d69b0ac"
"958","Released","2022-03-25","","a38ff7b1-6454-4ccf-b8e9-88a00d215615"
"959","Released","2022-03-25","","767d8e16-5aca-47bf-9817-e6c0d6cfcc19"
"960","Released","2022-03-25","","e087b3cd-de1a-4825-b29d-aef835254546"
"961","Released","2022-03-25","","0d72c6f3-0dc2-4462-a44b-4c0193f72be9"
"962","Released","2022-03-25","","6fa09596-b5f8-4fa8-bd45-55a851a461c4"
"963","Released","2022-03-25","","dfdf7a58-a535-43c7-8f89-736e5b6ebccd"
"964","Released","2022-03-25","","b9032f6d-bcca-4925-b6df-b932b563c36b"
"965","Released","2022-03-25","","2d9e5a82-72f9-4cd1-829f-5b59c8223a6f"
"966","Released","2022-03-25","","62179c0c-0fce-48db-87d0-5721ab04a0d0"
"967","Released","2022-03-25","","3b76adcc-a825-4d3a-92af-a3d9c0e733b0"
"968","Released","2022-03-25","","c02b4a73-a099-4e63-882e-20ff72527970"
"969","Released","2022-03-25","","516ae7b9-9eb3-44b6-8055-e9cb2e43956d"
"970","Released","2022-03-25","","4002f5ff-6368-4e3f-ba14-ebe555309b94"
"971","Released","2022-03-25","","aefc6d91-d74c-4b71-b08b-7e74e2cecfc2"
"972","Released","2022-03-25","","1aca47e4-026d-431a-a172-d84b015f5c80"
"973","Released","2022-03-25","","e5a4796a-9814-49fc-afa8-8da83b93d635"
"974","Released","2022-03-25","","589b2859-801c-4fd2-85c2-93d3ab620d46"
"975","Released","2022-03-25","","dfbc8e42-feb9-4f1a-84c9-65adba30dd1b"
"976","Released","2022-03-25","","5558b869-8cb0-4cc7-b17f-d6663cddb7b1"
"977","Released","2022-03-25","","18f35d9d-c2f2-472b-9655-8fce658040cb"
"978","Released","2022-03-25","","121068ae-2fe3-47a4-bd32-6e9ffb5d36ea"
"979","Released","2022-03-25","","aee88c50-8b49-4751-a540-b7d1dc02863b"
"980","Released","2022-03-25","","99d51af4-4924-47a9-8988-4d64644b4b1c"
"981","Released","2022-03-25","","36318970-f7e0-4f9c-bbd8-f9496dc257fa"
"982","Released","2022-03-25","","0debfa1e-fbda-4745-8ea7-a27374aeb618"
"983","Released","2022-03-25","","9be0ffa4-baca-4b15-8038-e81d98494e7e"
"984","Released","2022-03-25","","31cc8196-0124-454a-a5d2-b6f08def60b8"
"985","Released","2022-03-25","","610c8975-aa41-464e-9766-1adad0ad4081"
"986","Released","2022-03-25","","2a92901a-83c2-4fa8-b87f-1c85f4dcaefe"
"987","Released","2022-03-25","","4eda3c9e-bc32-47ce-be70-64eedd551bd7"
"988","Released","2022-03-25","","b7e20d10-7b71-4bf7-9f70-245b7a668915"
"989","Released","2022-03-25","","f428d40b-ccd8-408f-9cf9-a0c4815c3a71"
"990","Released","2022-03-25","","943c22a3-3321-4a23-8a02-96cf73bd0154"
"991","Released","2022-03-25","","7f260236-838e-4ed8-81f8-aa93c4f4cfd1"
"992","Released","2022-03-25","","59f22dbb-39ce-4c62-92ec-ef67b84c8420"
"993","Released","2022-03-25","","9cff501f-2b81-4b9a-bf4a-9a6d865bf52a"
"994","Released","2022-03-25","","26a1d4e9-9b27-4e74-b26e-ec6c3bae14c1"
"995","Released","2022-03-25","","750afa14-ddc9-464b-a177-71d08c5ee5e7"
"996","Released","2022-03-25","","04abf294-233b-44a2-93fb-809636cc1865"
"997","Released","2022-03-25","","b4b944f9-fd88-433b-ab8b-a996f53771de"
"998","Released","2022-03-25","","0c32bc8a-884a-4699-89ea-302e2cd94b78"
"999","Released","2022-03-25","","51d6affd-3d38-4c77-ad1e-642ac2f40c68"
"1000","Released","2022-03-25","","836a6822-d647-498e-852a-e4e041a597d2"
"1001","Released","2022-03-25","","53caff2d-624a-419e-a6be-31dd6587b567"
"1002","Released","2022-03-25","","5cc20046-0ca3-4cb6-8e59-e2a0a159cd01"
"1003","Released","2022-03-25","","2f4a80ed-51ee-4941-b660-a591efb389d6"
"1004","Released","2022-03-25","","dca3ae6a-c341-4999-8c4a-95fb3d4b0acf"
"1005","Released","2022-03-25","","56064707-788e-49f5-9752-eff8306d2e6a"
"1006","Released","2022-03-25","","158bb1ad-cb18-4d53-8da1-37977389e7c6"
"1007","Released","2022-03-25","","bedf1258-77e6-4a24-80f4-b75cdeedeea1"
"1008","Released","2022-03-25","","d5f2818b-387d-4dc8-af25-2659f86316c8"
"1009","Released","2022-03-25","","1fdbca11-71e4-47fa-97cf-11b314856e55"
"1010","Released","2022-03-25","","cd501979-ce4e-4b6d-8b47-871d8e43d6db"
"1011","Released","2022-03-25","","7e72f7a2-f1cd-4394-a721-0b2252f2bca9"
"1012","Released","2022-03-25","","481f65bf-12f3-4769-956b-b66c62ee20b3"
"1013","Released","2022-03-25","","4d635704-1cef-4579-b2a9-87555831d231"
"1014","Released","2022-03-25","","4bdf7618-1dc6-487c-b413-f873aa9ff462"
"1015","Released","2022-03-25","","2fef90b4-03c1-4134-9dfc-1c3d4d072bc8"
"1016","Released","2022-03-25","","e6362331-12df-4e2b-bd02-02e829972d01"
"1017","Released","2022-03-25","","c3006358-e11d-446f-b9dd-dcc8b3196779"
"1018","Released","2022-03-25","","cc6271c0-e080-456c-8dce-f1de4c1af77b"
"1019","Released","2022-03-25","","79642a7e-71f8-45ae-85bd-4a9335a76a80"
"1020","Released","2022-03-25","","18ed5ac3-79f7-4c7f-a5b4-024979f77053"
"1021","Released","2022-03-25","","54ee3bc9-d502-498c-8023-1ed5fc9b1cac"
"1022","Released","2022-03-25","","3c528c93-b361-43ef-91ec-fc947369fb0b"
"1023","Released","2022-03-25","","3ef3146d-a17d-4f28-8896-a4307c92524f"
"1024","Released","2022-03-25","","34d335ee-5d3f-4a29-9e4d-7f65978748c9"
"1025","Released","2022-03-25","","8a009f64-1731-4122-970b-ef0db8a27d49"
"1026","Released","2022-03-25","","b7825643-a544-48ee-ae6f-0d01abcc36e3"
"1027","Released","2022-03-25","","95dc1fb5-9bad-448f-9007-f43bfed97881"
"1028","Released","2022-03-25","","5088ed6e-0a51-4dba-8266-adc5df1148d3"
"1029","Released","2022-03-25","","9a581a73-d752-44f2-ad76-2a2107425a9c"
"1030","Released","2022-03-25","","3aeacefd-e36b-410f-81c8-0e4cd3d1c589"
"1031","Released","2022-03-25","","b42781ff-43d9-44af-8c56-9db51e765eac"
"1032","Released","2022-03-25","","e3af9eca-dabe-4d1b-bd4d-0bc97686fba4"
"1033","Released","2022-03-25","","d9a7d996-7b56-4db8-9bfa-cad40504d54c"
"1034","Released","2022-03-25","","9c9e1351-7224-4e82-9c6a-53237cf20ce3"
"1035","Released","2022-03-25","","5adf8837-2369-4ef1-8ec4-45afb6aeab53"
"1036","Released","2022-03-25","","c8731bb1-fe1a-4aeb-ba0b-0d57b53a9cf2"
"1037","Released","2022-03-25","","01e582c1-a62a-4432-b473-4180e6383f4d"
"1038","Released","2022-03-25","","08519e3b-c68a-46eb-bc30-4ad9f491c1d8"
"1039","Released","2022-03-25","","2fab63cd-b5e2-4742-9b45-8c866e03cbcf"
"1040","Released","2022-03-25","","756e352e-e744-4f95-82f5-e38c04867154"
"1041","Released","2022-03-25","","28cf342c-aee7-4841-a02b-e216254c3430"
"1042","Released","2022-03-25","","acb5badf-62cc-4246-a3c1-99fc862333d8"
"1043","Released","2022-03-25","","64647d1a-4138-470b-924a-2aa54d1f1d0d"
"1044","Released","2022-03-25","","e46f116d-09ba-4141-adaf-d99f40a4b35e"
"1045","Released","2022-03-25","","7cb9fb58-a09a-45f8-b08e-b70daada1cde"
"1046","Released","2022-03-25","","d6a4fa87-acb2-4795-9dd2-c0250f7147d5"
"1047","Released","2022-03-25","","da5acb9e-e344-4bad-bb67-6497a301661b"
"1048","Released","2022-03-25","","db20c924-fc21-4653-ad8c-b433234c82d1"
"1049","Released","2022-03-25","","7b0db0e1-9741-4268-8b64-2a1da332a79b"
"1050","Released","2022-03-25","","6a4046e2-5061-4737-9dc3-dbc407616825"
"1051","Released","2022-03-25","","e941bf44-75f5-4e0b-ae90-0b0cb50a1c0c"
"1052","Released","2022-03-25","","259a6cd1-cbcc-4ef1-98aa-079b2bddd8ba"
"1053","Released","2022-03-25","","5ff1f05c-851b-4cfa-ba86-e5e4577feed2"
"1054","Released","2022-03-25","","9c9fd05b-f14d-4925-a3f4-8a8a98a41ebf"
"1055","Released","2022-03-25","","607f8bcf-c1c2-494b-b185-7f2f51569d23"
"1056","Released","2022-03-25","","32234fc8-0274-495b-8bd1-3f20b4e385de"
"1057","Released","2022-03-25","","747b25ae-9c98-4402-a1f5-87489c5ef19a"
"1058","Released","2022-03-25","","bdc13087-d76f-4326-9025-a35761111b21"
"1059","Released","2022-03-25","","a0979409-0488-4bb7-b10b-1077af9b3929"
"1060","Released","2022-03-25","","15265615-e290-42a5-8395-89207e177148"
"1061","Released","2022-03-25","","03a99b0d-8b03-4edb-9f69-dd7f490fd7db"
"1062","Released","2022-03-25","","539f2b5c-c8ca-4ac6-957c-f967cdff5446"
"1063","Released","2022-03-25","","31dfc479-9658-471e-9cec-6b102f9e8637"
"1064","Released","2022-03-25","","f8a634cb-37cf-4e04-9bd0-400c232db6da"
"1065","Released","2022-03-25","","8b62f8b8-d6b2-44f5-b5f2-1f6ab1333d2f"
"1066","Released","2022-03-25","","5e15252e-25ec-4b3a-b532-d0fdf1ed89e5"
"1067","Released","2022-03-25","","2c89d22b-7477-4064-8dbd-23474ce9fec9"
"1068","Released","2022-03-25","","cc612dc4-d519-4acc-9bb2-0bfcb8e3552d"
"1069","Released","2022-03-25","","f341f4fd-9b48-4e62-963e-ed948aa303bb"
"1070","Released","2022-03-25","","406bf771-72b2-420e-8277-78e35c292430"
"1071","Released","2022-03-25","","3aefb308-2636-4d28-82ee-0e2705250c45"
"1072","Released","2022-03-25","","17ebba8b-0421-4a6a-ae64-6f0347d6d536"
"1073","Released","2022-03-25","","4ca68b40-4ec9-439e-ab1c-af930a52c1df"
"1074","Released","2022-03-25","","ea5bf910-8a87-4483-bd74-055af9834e07"
"1075","Released","2022-03-25","","cadb1aba-1e56-401a-b6bc-02443fa06493"
"1076","Released","2022-03-25","","1c7dbb4a-1af8-4b35-8ef8-9b842285e4e4"
"1077","Released","2022-03-25","","3aecc542-4f45-4cac-9830-50ec70e949be"
"1078","Released","2022-03-25","","d2be91b5-104c-4dcd-a228-2a80d10e5daf"
"1079","Released","2022-03-25","","0906ead0-c3d6-41f7-ac92-4f3ef6588000"
"1080","Released","2022-03-25","","e273a5fa-7f5c-4679-9b0b-9c2d8d6be80e"
"1081","Released","2022-03-25","","18296e58-ecf5-469a-93f0-9d510f9cc26f"
"1082","Released","2022-03-25","","089e71f2-d665-4046-8d3f-46f1793aa665"
"1083","Released","2022-03-25","","15e43873-9aaa-4043-9f8b-5e666e648bf1"
"1084","Released","2022-03-25","","be6302d0-0ecb-443e-ac36-dcd42594c6c7"
"1085","Released","2022-03-25","","69a9f4b7-b1ee-457e-863b-2f2cb03d6d7c"
"1086","Released","2022-03-25","","6546d146-6299-40a4-96dc-3a58ccebbc1a"
"1087","Released","2022-03-25","","abc1883c-7447-4e8e-a702-3dcb8b4492c2"
"1088","Released","2022-03-25","","258790b1-e47a-4ebe-8ab1-c3a83756c83e"
"1089","Released","2022-03-25","","bb899f2a-1f6e-41a8-8b5c-642f4f15d4bc"
"1090","Released","2022-03-25","","8fa3993b-3314-4ca9-aea2-1c88e19cd2d7"
"1091","Released","2022-03-25","","aa4a1076-0864-44ee-a684-2e167a60fda1"
"1092","Released","2022-03-25","","6b56fb91-49fb-49b7-bb00-70d0462752f4"
"1093","Released","2022-03-25","","3149b245-3e1a-4269-91ee-a2aa56d082a9"
"1094","Released","2022-03-25","","76d327ad-2c0a-4e2f-b140-4d2f3ee98617"
"1095","Released","2022-03-25","","ab102039-5450-4762-acb1-97e2c469594b"
"1096","Released","2022-03-25","","cd2bc8b7-fbe4-4367-ba1a-be4ca2c6b194"
"1097","Released","2022-03-25","","4628071a-a2df-40c2-ab5f-6934daa69d20"
"1098","Released","2022-03-25","","523a54d9-1cba-4ed4-9abc-277091f1491e"
"1099","Released","2022-03-25","","26b4ae53-e24d-42b5-a24f-270c0c85640e"
"1100","Released","2022-03-25","","4419745a-50fb-4a4e-9765-ed6718742e21"
"1101","Released","2022-03-25","","a39a18ee-c59f-4858-86dd-f55295606c8a"
"1102","Released","2022-03-25","","da55fc48-3fb7-4510-b682-d371bdeec413"
"1103","Released","2022-03-25","","0f369e76-bf74-4da9-b39d-331d0629e117"
"1104","Released","2022-03-25","","f1edae33-91b3-43db-b424-77fc853ffbb7"
"1105","Released","2022-03-25","","6c7dc6cd-ee78-4046-a654-86c956454ee9"
"1106","Released","2022-03-25","","e5c3a3a5-60da-442d-b26a-4c75186549b1"
"1107","Released","2022-03-25","","4833efc3-4307-4ef9-8857-00069a01c08a"
"1108","Released","2022-03-25","","d34fa1ab-bc81-4505-b98b-6f88080dbc5a"
"1109","Released","2022-03-25","","1d2e7f9b-90f1-4102-88f1-6e38554bbca3"
"1110","Released","2022-03-25","","2ee58649-2422-4fa4-b07f-6b944ffede97"
"1111","Released","2022-03-25","","ea849496-79e0-4742-9527-095fb6a15d4d"
"1112","Released","2022-03-25","","c85956d4-a112-4178-bafc-684d73b4ccad"
"1113","Released","2022-03-25","","077177b6-1932-49cd-ba7c-225a813b93f3"
"1114","Released","2022-03-25","","a4dbf470-db45-4e7f-88d1-f17ff93297b0"
"1115","Released","2022-03-25","","b97ad483-a4d5-4927-a98b-f6d892dab203"
"1116","Released","2022-03-25","","4156c95d-be01-4b22-a23a-e2735b08d6c3"
"1117","Released","2022-03-25","","d7f78625-6563-4985-8b1a-01a3da36b460"
"1118","Released","2022-03-25","","eba3ef24-5ce3-400f-b6e1-f838517d7e7e"
"1119","Released","2022-03-25","","ef63b038-e770-4767-b24b-5f08d776b3df"
"1120","Released","2022-03-25","","7434da14-a66d-4bb1-b63c-1774239f9559"
"1121","Released","2022-03-25","","e8979879-c1d5-4f04-b92f-a15c33817f75"
"1122","Released","2022-03-25","","a9c6e471-a79d-4a3c-adcd-01917793d926"
"1123","Released","2022-03-25","","d550c598-62aa-4583-9a93-0f65dfab47c4"
"1124","Released","2022-03-25","","9df8efc1-cdc1-4db6-992f-d8f290a01ffe"
"1125","Released","2022-03-25","","a65d5b50-66eb-4158-a851-acc39b797e45"
"1126","Released","2022-03-25","","237a9f33-a177-4dd2-aef6-4a5b3c8c80a3"
"1127","Released","2022-03-25","","2851113a-772a-4617-860e-aca63fdece02"
"1128","Released","2022-03-25","","b9485534-8a24-4154-ba81-042eb86bf030"
"1129","Released","2022-03-25","","2e47bfae-2fa8-4a06-9761-5f127361b346"
"1130","Released","2022-03-25","","10e85f88-2a44-4598-9e7d-c03f198c7f07"
"1131","Released","2022-03-25","","d662674f-fe7e-4163-a6c7-3b3678806951"
"1132","Released","2022-03-25","","bb0ac41d-c7d3-4536-846a-d4890795992a"
"1133","Released","2022-03-25","","182b4a43-4406-4cff-a840-1ac8e739926a"
"1134","Released","2022-03-25","","56789857-1140-47aa-8794-9c937c553668"
"1135","Released","2022-03-25","","24a72d88-1f3e-47ad-9748-b0f609825456"
"1136","Released","2022-03-25","","34ec3c83-c1e2-462a-8d2f-a95529972276"
"1137","Released","2022-03-25","","2c832dff-ce71-48f3-8dab-ce2850730465"
"1138","Released","2022-03-25","","81487e08-685f-4c75-afad-ce38fbca2457"
"1139","Released","2022-03-25","","9e72cd63-a844-4aa5-8f94-7d19b9bfa06f"
"1140","Released","2022-03-25","","61cbab47-6ce6-41eb-8996-e8f7885a0f44"
"1141","Released","2022-03-25","","9491b68d-cee9-496d-a817-549a6d435e93"
"1142","Released","2022-03-25","","1bfd0363-7ded-4728-9616-cec74113e4f3"
"1143","Released","2022-03-25","","345abee1-e325-4eae-b873-5ee831b874d9"
"1144","Released","2022-03-25","","cecbcdbf-6cb1-443a-89d4-cde2b8aad143"
"1145","Released","2022-03-25","","32821f46-1622-4cfe-889a-f54574e1763b"
"1146","Released","2022-03-25","","47076428-5ce0-4a36-ab7b-4ec11db3e4a0"
"1147","Released","2022-03-25","","e0083b2a-54f3-417c-b607-e499af5451c0"
"1148","Released","2022-03-25","","73bbfd70-552c-4660-9bd1-9992d875bc46"
"1149","Released","2022-03-25","","a6343f01-c820-4ace-a4bf-fd36f7971777"
"1150","Released","2022-03-25","","8b9153cd-4473-4422-9a34-e085b160aa95"
"1151","Released","2022-03-25","","014f99c7-ca00-4bed-a004-92b83d0d76b5"
"1152","Released","2022-03-25","","ad27b821-8d2b-4c32-aa92-a413c8d8525c"
"1153","Released","2022-03-25","","16119232-417d-491d-aee3-8af6ef9cc3a0"
"1154","Released","2022-03-25","","65513ae9-1206-42e1-9e2b-ec50483623dc"
"1155","Released","2022-03-25","","2b269678-a7af-44cc-ad95-86dd61323433"
"1156","Released","2022-03-25","","e8805ced-474c-450e-9ef6-8d9ef0fcb8e9"
"1157","Released","2022-03-25","","9329403a-95a8-42ba-971f-7e2384e7b154"
"1158","Released","2022-03-25","","9820f74e-d0ed-416a-8315-fb9e44bdc131"
"1159","Released","2022-03-25","","1ee209a4-c1e4-4e02-830f-44d483dd94e3"
"1160","Released","2022-03-25","","585cb8f1-3e38-4c04-aa8e-21bcb0b1be31"
"1161","Released","2022-03-25","","3f7147ec-990d-4831-9cf5-5e84ab883b76"
"1162","Released","2022-03-25","","411ee3d4-3a1b-47ab-aa03-294a015801f1"
"1163","Released","2022-03-25","","0a0ffe55-b8e7-4216-858b-121aa2fc15d6"
"1164","Released","2022-03-25","","10948d3d-b632-43e4-8923-f7eb70e484f8"
"1165","Released","2022-03-25","","8255e8ae-8c6c-4778-bc38-477bf41339c2"
"1166","Released","2022-03-25","","cc8a5923-24e1-42e2-853d-615061ff89ef"
"1167","Released","2022-03-25","","684936de-a6e3-478b-8c56-a89ab7ea925e"
"1168","Released","2022-03-25","","9f594dc9-684a-4bac-975b-7e10aae9f943"
"1169","Released","2022-03-25","","0ca633da-1d38-4623-825a-34ce67553c8d"
"1170","Released","2022-03-25","","52b6321a-dd5e-4301-ba4f-081258fa8f5b"
"1171","Released","2022-03-25","","8394aa63-efa0-4cb0-a41a-e8e4ed62f12b"
"1172","Released","2022-03-25","","90d8deb4-93dd-46cd-9611-4997f339a080"
"1173","Released","2022-03-25","","75c34624-1507-49ec-b2f1-be172595c4ea"
"1174","Released","2022-03-25","","b565f911-6684-48db-a7b8-0fd52e31f2b5"
"1175","Released","2022-03-25","","e23c7153-2430-4fd2-9c59-0cd1933d22a6"
"1176","Released","2022-03-25","","524d826d-9522-4339-9814-4a6f4e4fd800"
"1177","Released","2022-03-25","","19dd1202-571c-4af6-a9ea-8fc959513102"
"1178","Released","2022-03-25","","a095155b-9ff6-4a6d-a7e7-8ecfdcdafda8"
"1179","Released","2022-03-25","","559435b1-aeb3-47b3-943f-0e9241ebab27"
"1180","Released","2022-03-25","","d990c249-777b-4761-b64a-a1b1370e8f92"
"1181","Released","2022-03-25","","506d44aa-6e0f-4864-98b7-5a3972b8ad5a"
"1182","Released","2022-03-25","","b82fcf67-80f8-4281-b2a3-a7bb66e2445e"
"1183","Released","2022-03-25","","e469b638-c49d-4753-b1c2-ee59cad40243"
"1184","Released","2022-03-25","","508524ae-fce8-4466-8668-377099f9ce0e"
"1185","Released","2022-03-25","","f388d835-5d9a-4fcb-a7db-c89dcd186b2d"
"1186","Released","2022-03-25","","f714eb04-bac6-4b00-958d-c6ac2aeceee1"
"1187","Released","2022-03-25","","2b0b3103-ba70-4507-b689-0ce224c23f47"
"1188","Released","2022-03-25","","89ec2cc3-4299-40d0-bf07-a91de802c1a0"
"1189","Released","2022-03-25","","0d9d053e-3f0d-4790-bd2b-810c7cda3dfb"
"1190","Released","2022-03-25","","53f5f93e-21bb-4346-995b-dbcfa4659d01"
"1191","Released","2022-03-25","","79efbc29-f54e-48c4-830f-2639c6c1590c"
"1192","Released","2022-03-25","","2195867f-b2b0-47df-b669-16cb2eef6784"
"1193","Released","2022-03-25","","6a6f5256-57d7-4e14-845f-ffb07518732d"
"1194","Released","2022-03-25","","9a4972c7-68c6-4389-8649-126dae7c07fa"
"1195","Released","2022-03-25","","39e8e316-2f55-46b1-9c58-f62f0f4fab92"
"1196","Released","2022-03-25","","d094837c-3468-4053-a6ad-39de55196752"
"1197","Released","2022-03-25","","3e9368ff-d2c4-49c3-816c-3c9b916acc30"
"1198","Released","2022-03-25","","1b765d4b-8386-490f-867d-ef1c02a703fb"
"1199","Released","2022-03-25","","49cc7046-4a43-4515-9cb7-c96df65a6130"
"1200","Released","2022-03-25","","ad8cc87f-0533-4d1f-b78c-8e134c5556be"
"1201","Released","2022-03-25","","a20d678f-0dcb-498a-b3de-2bb3888aca27"
"1202","Released","2022-03-25","","40b5fc3c-8318-4d33-b8f6-e765192bb316"
"1203","Released","2022-03-25","","b1a15a45-145b-4b81-87b0-174dd1120c18"
"1204","Released","2022-03-25","","d60292f6-0272-40b4-a773-15df9dae09f6"
"1205","Released","2022-03-25","","8ded0045-f416-476b-9f3c-589f3b1eba87"
"1206","Released","2022-03-25","","99f741df-eb5e-40f0-8ac7-a00547af58d8"
"1207","Released","2022-03-25","","79f0faba-505c-4af7-811e-ff0cc82169d3"
"1208","Released","2022-03-25","","1ff3e4c8-8d35-4c1f-aa0d-f047016bb8e0"
"1209","Released","2022-03-25","","5acae423-9655-4d25-bca0-7c4f954b52ae"
"1210","Released","2022-03-25","","23bf3ab4-d878-4b77-a9e9-4cdbcbc14a6d"
"1211","Released","2022-03-25","","01f5f340-e7ca-434c-9474-6aeef8599407"
"1212","Released","2022-03-25","","7b0ec9e8-c405-4b69-8266-0499897ccabb"
"1213","Released","2022-03-25","","4f873d0f-fd72-43c1-81c8-75281cb5c183"
"1214","Released","2022-03-25","","190240e4-d211-4523-9aca-4b27502fad6b"
"1215","Released","2022-03-25","","16f06609-cd1e-4233-ab66-cad9e7eb3d18"
"1216","Released","2022-03-25","","79ecc493-8e07-417d-acdd-0e6af215de10"
